PICK_TYPE,PartNumber,PartCount,,,
D13ASSY1,838-010-662,1,,,
D13ASSY1,1107136,1,,,
D13ASSY1,1089990/001,1,,,
D13ASSY1,1107071,2,,,
D13ASSY1,1092598/005,1,,,
D13ASSY1,1089308/009,1,,,
D13ASSY1,1103061,4,,,
D13ASSY1,838-010-661,2,,,
D13ASSY1,1365510/002,1,,,
D13ASSY1,838-010-989,1,,,
D13ASSY1,838-010-099,1,,,
D13ASSY1,838-004-373,2,,,
D13ASSY1,1215156,1,,,
D13ASSY1,1341852,3,,,
D13ASSY1,838-010-756,1,,,
D13ASSY1,1107470/001,1,,,
D13ASSY1,1031724,1,,,
D13ASSY1,1089053,1,,,
D13ASSY1,1090048/009,1,,,
D13ASSY1,838-012-753/002,1,,,
D13ASSY1,1421125/001,3,,,
D13ASSY1,1421156,1,,,
D13ASSY1,838-012-935,1,,,
D13ASSY1,838-013-064,1,,,
D13ASSY1,1087770/002,1,,,
D13ASSY1,1248215,5,,,
D13ASSY1,1186824,1,,,
D13ASSY1,1089308/006,2,,,
D13ASSY1,838-012-774,1,,,
D13ASSY1,1103295,1,,,
D13ASSY1,838-010-488,1,,,
D13ASSY1,360-064,1,,,
D13ASSY1,1186823,1,,,
D13ASSY1,1109733,1,,,
D13ASSY1,1034932/101,1,,,
D13ASSY1,1031703,1,,,
D13ASSY1,1090045/006,1,,,
D13ASSY1,1317006,6,,,
D13ASSY1,1090048/006,2,,,
D13ASSY1,449-022,1,,,
D13ASSY1,838-012-749,1,,,
D13ASSY1,1245138,2,,,
D13ASSY1,838-010-311,1,,,
D13ASSY1,1415619,3,,,
D13ASSY1,1034932/002,1,,,
D13ASSY1,1021564,1,,,
D13ASSY1,1090045/009,1,,,
D13ASSY1,838-004-768,1,,,
D13ASSY1,838-010-097/001,1,,,
D13ASSY1,1109732,2,,,
D13ASSY1,1089273,1,,,
D13ASSY1,838-010-097/002,1,,,
D13ASSY1,838-010-538/008,2,,,
D13ASSY1,1045780/301,5,,,
D13ASSY1,1342215,2,,,
D13ASSY1,838-006-035,1,,,
D13ASSY1,1090048/010,1,,,
D13ASSY1,1386450,1,,,
D13ASSY1,1266309/004,3,,,
D13ASSY1,838-010-959,2,,,
D13ASSY1,1305322/002,1,,,
D13ASSY1,1399234/001,1,,,
D13ASSY1,1089308/010,1,,,
D13ASSY1,1354183,3,,,
D13ASSY1,1336375/004,1,,,
D13ASSY1,838-010-937/002,1,,,
D13ASSY1,1336375/001,4,,,
D13ASSY1,838-004-543,1,,,
D13ASSY1,1266309/003,3,,,
D13ASSY1,7-710-024/100,1,,,
D13ASSY1,1336375/003,1,,,
D13ASSY1,1386471,1,,,
D13ASSY1,1092598/007,2,,,
D13ASSY1,838-012-735,1,,,
D13ASSY1,1386448/001,1,,,
D13ASSY1,1090048/011,1,,,
D13ASSY1,1089990/002,1,,,
D13ASSY1,1260482/001,1,,,
D13ASSY1,1137799,1,,,
D13ASSY1,838-010-937/001,1,,,
D13ASSY1,1090045/010,1,,,
D13ASSY1,1090045/008,2,,,
D13ASSY1,1092598/006,1,,,
D13ASSY1,1354615/001,1,,,
D13ASSY1,1346215,1,,,
D13ASSY1,1360122,1,,,
D13ASSY1,1342660/009,2,,,
D13ASSY1,1350120,1,,,
D13ASSY1,1361207/001,1,,,
D13ASSY1,1246763/003,1,,,
D13ASSY1,1361390/001,1,,,
D13ASSY1,1089308/011,1,,,
D13ASSY1,830-060,1,,,
D13ASSY1,1358284,1,,,
D13ASSY1,1090045/011,1,,,
D13ASSY1,1090045/003,1,,,
D13ASSY1,1370124,1,,,
D13ASSY1,1376444/018,1,,,
D13ASSY1,1382773,1,,,
D13ASSY1,1394420,1,,,
D13ASSY1,1361207/002,1,,,
D13ASSY1,1293778,1,,,
D13ASSY1,1328236,1,,,
D13ASSY1,1090045/007,1,,,
D13ASSY1,1388857/001,1,,,
D13ASSY1,1090048/008,1,,,
D13ASSY1,1092598/003,1,,,
D13ASSY1,1031810,1,,,
D13ASSY1,1184591/003,2,,,
D13ASSY1,1031811,1,,,
D13ASSY1,1369538,1,,,
D13ASSY1,1352661,1,,,
D13ASSY1,1245140,1,,,
D13ASSY1,1090048/003,1,,,
D13ASSY1,1090048/007,1,,,
D13ASSY1,1089308/007,1,,,
D13ASSY1,1000348,1,,,
D13ASSY1,1089308/002,1,,,
D13ASSY1,1092598/002,2,,,
D13ASSY1,1090048/002,1,,,
D13ASSY1,838-006-196/148,1,,,
D13ASSY1,1386449/002,1,,,
D13ASSY1,1089308/005,1,,,
D13ASSY1,1090045/005,2,,,
D13ASSY1,1090045/002,1,,,
D13ASSY1,1386448/002,1,,,
D13ASSY1,838-006-196/125,1,,,
D13ASSY1,1090048/005,1,,,
D13ASSY1,1092598/004,1,,,
D13ASSY1,838-010-755,1,,,
D13ASSY1,1263701/001,1,,,
D13ASSY1,1090045/004,1,,,
D13ASSY1,1090048/004,1,,,
D13ASSY1,1386449/001,2,,,
D13ASSY1,1089308/004,2,,,
D13ASSY1,1097387/015,1,,,
D13ASSY1,1089308/015,1,,,
D13ASSY1,1090045/015,1,,,
D13ASSY1,838-010-584,1,,,
D13ASSY1,838-006-196/138,1,,,
D13ASSY1,1090048/015,1,,,
D13ASSY1,1003892/003,1,,,
D13ASSY1,1305560,2,,,
D13ASSY1,1403368/001,1,,,
D13ASSY1,1370038/001,2,,,
D13ASSY1,1395109/001,1,,,
D13ASSY1,1396988/008,2,,,
D13ASSY1,1399552/008,2,,,
D13ASSY1,1392068,1,,,
D13ASSY1,1180508/PEJ,1,,,
D13ASSY1,1391650,1,,,
D13ASSY1,1382001,1,,,
D13ASSY1,1243686/013,5,,,
D13ASSY1,1097387/009,1,,,
D13ASSY1,1003892/001,1,,,
D13ASSY1,1248215/PO5,1,,,
D13ASSY1,838-010-538/001,1,,,
D13ASSY1,1090045/019,1,,,
D13ASSY1,1090048/019,1,,,
D13ASSY1,1089308/019,1,,,
D13ASSY1,1089308/003,1,,,
D13ASSY1,1097387/010,1,,,
D13ASSY1,1089308/008,1,,,
D13ASSY1,1090045/014,1,,,
D13ASSY1,1090048/014,1,,,
D13ASSY1,1218994,1,,,
D13ASSY1,1089308/001,1,,,
D13ASSY1,1092598/001,1,,,
D13ASSY1,1090045/012,2,,,
D13ASSY1,1012610,1,,,
D13ASSY1,114-006-308,1,,,
D13ASSY1,1090048/012,1,,,
D13ASSY1,1090045/001,1,,,
D13ASSY1,1090048/001,1,,,
D13ASSY1,1090045/031,1,,,
D13ASSY1,1090048/031,1,,,
D13ASSY1,1399552/013,1,,,
D13ASSY1,1396988/013,1,,,
D13ASSY1,1089308/013,1,,,
D13ASSY1,838-006-196/135,1,,,
D13ASSY1,1414438/001,1,,,
D13ASSY1,838-006-196/101,1,,,
D13ASSY1,1423513,1,,,
D13ASSY1,1180508/PDC,1,,,
D13ASSY1,1108883,1,,,
D13ASSY1,1104615,1,,,
D13ASSY1,1349695,1,,,
D13ASSY1,1316099/001,1,,,
D13ASSY1,1097387/012,1,,,
D13ASSY1,1090045/013,2,,,
D13ASSY1,1090048/013,2,,,
D13ASSY1,1090048/018,1,,,
D13ASSY1,838-010-538/011,1,,,
D13ASSY1,838-006-196/142,1,,,
D13ASSY1,1090045/018,1,,,
D13ASSY1,1097387/003,2,,,
D13ASSY1,1097387/004,1,,,
D13ASSY1,1107470/002,3,,,
D13ASSY1,1343961,1,,,
D13ASSY1,1021563,1,,,
D13ASSY1,1097387/006,1,,,
D13ASSY1,1399552/006,1,,,
D13ASSY1,1396988/006,1,,,
D13ASSY1,1097387/008,1,,,
D13ASSY1,838-012-763,1,,,
D13ASSY1,838-010-538/009,1,,,
D13ASSY1,838-010-538/004,1,,,
D13ASSY1,1150962,1,,,
D13ASSY1,1396988/010,1,,,
D13ASSY1,1399552/010,2,,,
D13ASSY1,838-010-538/007,1,,,
D13ASSY1,1097387/013,1,,,
D13ASSY1,838-012-927,1,,,
D13ASSY1,1396988/021,1,,,
D13ASSY1,1399552/021,1,,,
D13ASSY1,838-006-196/059,1,,,
D13ASSY1,1121888,1,,,
D13ASSY1,1003892/002,1,,,
D13ASSY1,838-006-196/156,1,,,
D13ASSY1,1090045/020,1,,,
D13ASSY1,1090048/020,1,,,
D13ASSY1,1097387/019,1,,,
D13ASSY1,1396988/003,1,,,
D13ASSY1,1399552/003,1,,,
D13ASSY1,1090045/016,1,,,
D13ASSY1,838-006-196/139,1,,,
D13ASSY1,1090048/016,1,,,
D13ASSY1,838-006-196/151,1,,,
D13ASSY1,1103927,1,,,
D13ASSY1,1097387/011,1,,,
D13ASSY1,1090048/021,1,,,
D13ASSY1,1090045/021,1,,,
D13ASSY1,1178203/PHJ,1,,,
D13ASSY1,1266636/001,1,,,
D13ASSY1,1180508/PZ3,1,,,
D13ASSY1,1090048/026,1,,,
D13ASSY1,838-006-196/071,1,,,
D13ASSY1,838-006-196/172,1,,,
D13ASSY1,1090045/026,1,,,
D13ASSY1,1097387/025,1,,,
D13ASSY1,1039652/004,1,,,
D13ASSY1,1180508/PG8,1,,,
D13ASSY1,1139026/PY9,1,,,
D13ASSY1,1097387/002,1,,,
D13ASSY1,1090045/017,1,,,
D13ASSY1,1090048/017,1,,,
D13ASSY1,838-010-538/006,1,,,
D13ASSY2,1143435/300,4,,,
D13ASSY2,1171324/008,1,,,
D13ASSY2,590-628/002,1,,,
D13ASSY2,1085781,1,,,
D13ASSY2,1010924/003,3,,,
D13ASSY2,1093111/001,1,,,
D13ASSY2,828-004-280/045,1,,,
D13ASSY2,1090508/011,1,,,
D13ASSY2,1086389,3,,,
D13ASSY2,1107004,1,,,
D13ASSY2,1090508/013,1,,,
D13ASSY2,1209998,1,,,
D13ASSY2,1402593,2,,,
D13ASSY2,1028747,1,,,
D13ASSY2,1090508/014,1,,,
D13ASSY2,1107470/002,3,,,
D13ASSY2,1107097,3,,,
D13ASSY2,1094156,1,,,
D13ASSY2,1090072/100,2,,,
D13ASSY2,838-010-626,1,,,
D13ASSY2,1103297,1,,,
D13ASSY2,1090508/012,1,,,
D13ASSY2,1233519/002,4,,,
D13ASSY2,1020104,1,,,
D13ASSY2,1022003/003,1,,,
D13ASSY2,1090508/010,1,,,
D13ASSY2,1103296,1,,,
D13ASSY2,1361532/003,3,,,
D13ASSY2,1015124,3,,,
D13ASSY2,1017528,2,,,
D13ASSY2,838-010-187,1,,,
D13ASSY2,1-074-087/031,1,,,
D13ASSY2,1090508/009,1,,,
D13ASSY2,1090827,1,,,
D13ASSY2,1045780/301,5,,,
D13ASSY2,1184591/003,2,,,
D13ASSY2,828-004-282/012,1,,,
D13ASSY2,1106239,7,,,
D13ASSY2,1407040,4,,,
D13ASSY2,1358288/001,2,,,
D13ASSY2,1143434/300,6,,,
D13ASSY2,1098956,2,,,
D13ASSY2,1079192,2,,,
D13ASSY2,828-004-282/011,1,,,
D13ASSY2,1090736,1,,,
D13ASSY2,1361531/003,6,,,
D13ASSY2,1138180,1,,,
D13ASSY2,1386368,3,,,
D13ASSY2,1360619,1,,,
D13ASSY2,1269510,1,,,
D13ASSY2,1102383,1,,,
D13ASSY2,1018221,1,,,
D13ASSY2,1065061,3,,,
D13ASSY2,1360902,1,,,
D13ASSY2,1090508/016,1,,,
D13ASSY2,1357898/001,1,,,
D13ASSY2,1390024,1,,,
D13ASSY2,1392043,1,,,
D13ASSY2,1360903,1,,,
D13ASSY2,1389241/002,1,,,
D13ASSY2,1349812,1,,,
D13ASSY2,1380452,5,,,
D13ASSY2,1295676/PAV,1,,,
D13ASSY2,1398767,1,,,
D13ASSY2,1401887/001,1,,,
D13ASSY2,1396906,1,,,
D13ASSY2,590-587/105,1,,,
D13ASSY2,1400477,1,,,
D13ASSY2,1400479/002,1,,,
D13ASSY2,1100791,3,,,
D13ASSY2,1090508/212,1,,,
D13ASSY2,1090508/205,1,,,
D13ASSY2,1090508/204,1,,,
D13ASSY2,1090508/211,1,,,
D13ASSY2,1090508/209,1,,,
D13ASSY2,1408533/001,1,,,
D13ASSY2,1397053/003,8,,,
D13ASSY2,1090508/210,1,,,
D13ASSY2,1090508/203,1,,,
D13ASSY2,1395256/002,1,,,
D13ASSY2,1408768/001,2,,,
D13ASSY2,1422308/001,1,,,
D13ASSY2,1422319/001,1,,,
D13ASSY2,1366773/002,1,,,
D13ASSY2,1423065,1,,,
D13ASSY2,1422320/001,1,,,
D13ASSY2,1414437,1,,,
D13ASSY2,1423066,1,,,
D13ASSY2,838-010-703,1,,,
D13ASSY2,1089535/700,1,,,
D13ASSY2,1089883,1,,,
D13ASSY2,1360904,1,,,
D13ASSY2,1354832/001,1,,,
D13ASSY2,1355477/002,1,,,
D13ASSY2,1045780/201,1,,,
D13ASSY2,1357976,1,,,
D13ASSY2,1374980,1,,,
D13ASSY2,1399854,1,,,
D13ASSY2,1295676/002,1,,,
D13ASSY3,401-501,1,,,
D13ASSY3,1326662,1,,,
D13ASSY3,1082560,1,,,
D13ASSY3,838-004-616,1,,,
D13ASSY3,838-007-549,4,,,
D13ASSY3,838-007-567,2,,,
D13ASSY3,1103096/002,1,,,
D13ASSY3,1103085/001,1,,,
D13ASSY3,838-004-233,1,,,
D13ASSY3,1086344,1,,,
D13ASSY3,1397206/001,1,,,
D13ASSY3,838-004-618,2,,,
D13ASSY3,1103092/002,2,,,
D13ASSY3,448-217,1,,,
D13ASSY3,1280820,5,,,
D13ASSY3,838-004-349,1,,,
D13ASSY3,838-011-024,3,,,
D13ASSY3,1061923,2,,,
D13ASSY3,838-004-078,6,,,
D13ASSY3,1245328/001,2,,,
D13ASSY3,838-013-063,15,,,
D13ASSY3,1397915,1,,,
D13ASSY3,442-225,1,,,
D13ASSY3,1103095/003,3,,,
D13ASSY3,1256110/001,2,,,
D13ASSY3,838-007-548,3,,,
D13ASSY3,1406774,1,,,
D13ASSY3,114-018-824,1,,,
D13ASSY3,1100154,5,,,
D13ASSY3,1245329/001,1,,,
D13ASSY3,1256110/003,1,,,
D13ASSY3,838-012-930,3,,,
D13ASSY3,449-022,1,,,
D13ASSY3,838-010-895,1,,,
D13ASSY3,838-004-031,2,,,
D13ASSY3,041-706-152/059,2,,,
D13ASSY3,1256110/004,3,,,
D13ASSY3,041-706-122/059,2,,,
D13ASSY3,1103092/001,4,,,
D13ASSY3,1256110/002,2,,,
D13ASSY3,1103096/001,1,,,
D13ASSY3,1093133,3,,,
D13ASSY3,1363942/004,1,,,
D13ASSY3,1410379,1,,,
D13ASSY3,1388144/004,1,,,
D13ASSY3,1363941/004,1,,,
D13ASSY3,1418304,1,,,
D13ASSY3,1399614/002,1,,,
D13ASSY3,1411406,1,,,
D13ASSY3,1089631/001,1,,,
D13ASSY3,1364636/001,1,,,
D13ASSY3,1411405,1,,,
D13ASSY3,1369729/002,1,,,
D13ASSY3,1245334/001,1,,,
D13ASSY3,1103095/004,1,,,
D13ASSY3,1245333/001,1,,,
D13ASSY3,1256110/009,1,,,
D13ASSY3,1089453,1,,,
D13ASSY3,1089631/003,1,,,
D13ASSY3,1256110/008,1,,,
D13ASSY3,1103085/PHG,1,,,
D13ASSY3,1256110/005,2,,,
D13ASSY3,1003870/005,1,,,
D13ASSY3,1001288/106,1,,,
D13ASSY3,1003870/003,1,,,
D13ASSY3,P31-006-127/088,1,,,
D13ASSY3,P31-006-157/088,1,,,
D13ASSY3,1108883,1,,,
D13ASSY3,1398709,1,,,
D13ASSY3,1416752,1,,,
D13ASSY3,1364119/001,1,,,
D13ASSY3,838-004-336,1,,,
D13ASSY3,1001288/156,1,,,
D13ASSY3,1256110/007,1,,,
D13ASSY3,1343704,1,,,
D13ASSY3,1246763/003,1,,,
D13ASSY3,1393950/002,1,,,
D13ASSY3,1103096/PA7,1,,,
D13ASSY3,1003876/001,1,,,
D13ASSY3,1001288/105,1,,,
D13ASSY3,1416419/001,1,,,
D13ASSY3,838-010-895/X65,1,,,
D13ASSY3,1325739,1,,,
D13ASSY3,1145285/PFM,1,,,
D13ASSY3,1001288/107,1,,,
D13ASSY3,1001288/112,1,,,
D13ASSY3,1093314/001,1,,,
D13ASSY3,1103085/002,1,,,
D13ASSY3,1089631/002,1,,,
D13ASSY3,1003870/004,1,,,
D13ASSY3,1001288/108,1,,,
D13ASSY3,1001288/109,1,,,
D13ASSY4,838-004-591/002,1,,,
D13ASSY4,1081180,1,,,
D13ASSY4,838-010-593,1,,,
D13ASSY4,1090844/001,2,,,
D13ASSY4,1220874,1,,,
D13ASSY4,1407796/001,4,,,
D13ASSY4,838-010-568,1,,,
D13ASSY4,838-010-975,4,,,
D13ASSY4,838-010-601,1,,,
D13ASSY4,1198396/001,1,,,
D13ASSY4,838-007-257,1,,,
D13ASSY4,1095269,3,,,
D13ASSY4,838-012-940,2,,,
D13ASSY4,838-010-773,1,,,
D13ASSY4,838-010-824,2,,,
D13ASSY4,838-010-516/002,3,,,
D13ASSY4,838-010-525,1,,,
D13ASSY4,1103813/001,5,,,
D13ASSY4,838-010-766,1,,,
D13ASSY4,838-010-524/001,2,,,
D13ASSY4,1095270,4,,,
D13ASSY4,838-012-847,2,,,
D13ASSY4,1093814,1,,,
D13ASSY4,1168779/002,1,,,
D13ASSY4,838-012-934,3,,,
D13ASSY4,838-007-345,1,,,
D13ASSY4,1093908/001,1,,,
D13ASSY4,1220875,2,,,
D13ASSY4,838-004-591/001,2,,,
D13ASSY4,838-010-517/002,3,,,
D13ASSY4,838-007-540,1,,,
D13ASSY4,838-010-519,2,,,
D13ASSY4,1091660,1,,,
D13ASSY4,838-010-522/001,4,,,
D13ASSY4,1103813/002,8,,,
D13ASSY4,1093838/001,7,,,
D13ASSY4,838-010-575,1,,,
D13ASSY4,1168779/004,1,,,
D13ASSY4,1093839/001,1,,,
D13ASSY4,114-019-064,1,,,
D13ASSY4,1273814,2,,,
D13ASSY4,1407796/003,1,,,
D13ASSY4,1094156,1,,,
D13ASSY4,1273813,3,,,
D13ASSY4,1103813/004,1,,,
D13ASSY4,1103813/003,2,,,
D13ASSY4,838-010-522/004,1,,,
D13ASSY4,1209676/001,1,,,
D13ASSY4,1348305,1,,,
D13ASSY4,1367748,1,,,
D13ASSY4,1361635/001,1,,,
D13ASSY4,1361633/001,4,,,
D13ASSY4,1373983,1,,,
D13ASSY4,1385522,1,,,
D13ASSY4,1357350/001,1,,,
D13ASSY4,1395499,1,,,
D13ASSY4,1384458/001,1,,,
D13ASSY4,1387489/001,1,,,
D13ASSY4,1359453/001,1,,,
D13ASSY4,1407796/005,1,,,
D13ASSY4,1090844/002,1,,,
D13ASSY4,1360703,1,,,
D13ASSY4,1321840/111,3,,,
D13ASSY4,838-010-576,1,,,
D13ASSY4,5-001-589,1,,,
D13ASSY4,1111324/001,1,,,
D13ASSY4,1274982/001,1,,,
D13ASSY4,1339922,3,,,
D13ASSY4,1339901,4,,,
D13ASSY4,1305322/002,1,,,
D13ASSY4,1435808,1,,,
D13ASSY4,1428790,1,,,
D13ASSY4,838-010-522/005,11,,,
D13ASSY4,1141964/011,1,,,
D13ASSY4,1209676/012,1,,,
D13ASSY4,1407796/007,1,,,
D13ASSY4,1407796/002,1,,,
D13ASSY4,1141964/009,1,,,
D13ASSY4,1209676/PCB,1,,,
D13ASSY4,1167495/013,1,,,
D13ASSY4,1361613,1,,,
D13ASSY4,1222681,1,,,
D13ASSY4,1141964/007,1,,,
D13ASSY4,838-007-195,1,,,
D13ASSY4,1407796/004,1,,,
D13ASSY4,1283571,1,,,
D13ASSY4,1209676/010,1,,,
D13HOSE,041-704-020/061,1,,,
D13HOSE,1087570/008,1,,,
D13HOSE,1087570/013,1,,,
D13HOSE,1342660/006,2,,,
D13HOSE,1001288/154,1,,,
D13HOSE,1087570/007,2,,,
D13HOSE,1001288/151,1,,,
D13HOSE,838-006-196/153,1,,,
D13HOSE,838-004-740/003,1,,,
D13HOSE,1087570/002,2,,,
D13HOSE,1001288/003,1,,,
D13HOSE,041-704-010/061,1,,,
D13HOSE,1001288/104,2,,,
D13HOSE,1342660/007,4,,,
D13HOSE,1087570/003,2,,,
D13HOSE,838-006-196/011,1,,,
D13HOSE,1342660/002,1,,,
D13HOSE,1087570/011,1,,,
D13HOSE,838-004-742/004,2,,,
D13HOSE,1087570/005,1,,,
D13HOSE,041-704-017/062,1,,,
D13HOSE,838-004-740/002,1,,,
D13HOSE,838-006-196/050,1,,,
D13HOSE,1087570/004,1,,,
D13HOSE,838-006-196/009,1,,,
D13HOSE,838-006-196/112,1,,,
D13HOSE,1087570/006,1,,,
D13HOSE,1087570/009,1,,,
D13HOSE,1342660/003,1,,,
D13HOSE,838-006-196/104,1,,,
D13HOSE,838-006-196/013,1,,,
D13HOSE,838-006-196/003,2,,,
D13HOSE,838-006-196/114,1,,,
D13HOSE,838-006-196/110,1,,,
D13HOSE,838-006-196/152,1,,,
D13HOSE,838-006-196/005,1,,,
D13HOSE,838-006-196/035,2,,,
D13HOSE,041-706-122/059,2,,,
D13HOSE,838-006-196/136,1,,,
D13HOSE,838-006-196/049,1,,,
D13HOSE,041-706-152/059,2,,,
D13HOSE,838-006-196/106,1,,,
D13HOSE,838-006-196/154,1,,,
D13HOSE,838-006-196/051,1,,,
D13HOSE,1001288/010,1,,,
D13HOSE,838-006-196/108,2,,,
D13HOSE,1001288/012,1,,,
D13HOSE,838-006-196/037,1,,,
D13HOSE,838-006-196/007,1,,,
D13HOSE,838-006-196/122,1,,,
D13HOSE,838-006-196/021,1,,,
D13HOSE,838-006-196/102,1,,,
D13HOSE,838-006-196/118,1,,,
D13HOSE,838-006-196/017,1,,,
D13HOSE,838-006-196/001,2,,,
D13HOSE,838-006-196/180,1,,,
D13HOSE,838-006-196/047,1,,,
D13HOSE,838-006-196/079,1,,,
D13HOSE,838-006-196/116,1,,,
D13HOSE,838-006-196/015,1,,,
D13HOSE,838-006-196/113,1,,,
D13HOSE,838-006-196/041,1,,,
D13HOSE,1001288/004,1,,,
D13HOSE,838-006-196/105,1,,,
D13HOSE,1376715,1,,,
D13HOSE,838-006-196/048,1,,,
D13HOSE,838-006-196/115,1,,,
D13HOSE,838-006-196/109,1,,,
D13HOSE,838-006-196/158,1,,,
D13HOSE,1001288/011,1,,,
D13HOSE,838-006-196/057,1,,,
D13HOSE,838-006-196/121,1,,,
D13HOSE,838-006-196/140,1,,,
D13HOSE,1001288/155,1,,,
D13HOSE,1001288/152,1,,,
D13HOSE,1145285/PHJ,1,,,
D13HOSE,838-006-196/063,1,,,
D13HOSE,838-006-196/120,1,,,
D13HOSE,838-006-196/019,1,,,
D14ASSY1,1029126/022,3,,,
D14ASSY1,1029126/024,3,,,
D14ASSY1,1029126/020,4,,,
D14ASSY1,1029126/018,4,,,
D14ASSY1,1029126/021,1,,,
D14ASSY1,828-004-280/018,3,,,
D14ASSY1,1029126/026,2,,,
D14ASSY1,1191974,2,,,
D14ASSY1,1417538,2,,,
D14ASSY1,1402593,2,,,
D14ASSY1,1423603,1,,,
D14ASSY1,1029126/019,4,,,
D14ASSY1,1044859/001,2,,,
D14ASSY1,1154706,2,,,
D14ASSY1,1029126/027,1,,,
D14ASSY1,1160813/001,1,,,
D14ASSY1,1403694/101,6,,,
D14ASSY1,1321963/001,2,,,
D14ASSY1,154-011-059/002,1,,,
D14ASSY1,114-009-649/011,1,,,
D14ASSY1,1146243/001,3,,,
D14ASSY1,1403694/001,6,,,
D14ASSY1,828-004-280/031,4,,,
D14ASSY1,1403693/001,2,,,
D14ASSY1,154-011-059/001,1,,,
D14ASSY1,1270748,1,,,
D14ASSY1,1171324/007,5,,,
D14ASSY1,1152018/001,1,,,
D14ASSY1,1233519/002,4,,,
D14ASSY1,1018221,1,,,
D14ASSY1,1029126/025,3,,,
D14ASSY1,1028117/001,1,,,
D14ASSY1,1028117/002,2,,,
D14ASSY1,1029126/023,1,,,
D14ASSY1,1390784/001,1,,,
D14ASSY1,1401580,2,,,
D14ASSY1,1315569,1,,,
D14ASSY1,1311255/001,1,,,
D14ASSY1,1354183,3,,,
D14ASSY1,1361826,2,,,
D14ASSY1,1209012/001,1,,,
D14ASSY1,1305322/002,1,,,
D14ASSY1,1380452,5,,,
D14ASSY1,1305560,2,,,
D14ASSY1,1382002,1,,,
D14ASSY1,1392999/001,4,,,
D14ASSY1,1390883/001,4,,,
D14ASSY1,1311255/002,1,,,
D14ASSY1,114-021-786/001,1,,,
D14ASSY1,1023763,1,,,
D14ASSY1,828-004-280/042,2,,,
D14ASSY1,828-004-280/008,3,,,
D14ASSY1,1028117/003,1,,,
D14ASSY1,828-004-280/043,1,,,
D14ASSY1,1362462,2,,,
D14ASSY1,1403693/101,2,,,
D14ASSY1,1307197/001,1,,,
D14ASSY1,1028117/004,1,,,
D14ASSY1,1360630,1,,,
D14ASSY1,1045780/311,4,,,
D14ASSY1,1325740/001,1,,,
D14ASSY1,1327750/001,1,,,
D14ASSY1,1419739,1,,,
D14ASSY1,1-100-010,1,,,
D14ASSY1,154-010-242,1,,,
D14ASSY1,1243686/013,5,,,
D14ASSY1,1-100-013,1,,,
D14ASSY1,1230374,1,,,
D14ASSY1,1327753,1,,,
D14ASSY1,1029126/009,3,,,
D14ASSY1,1029126/008,1,,,
D14ASSY1,1289492/002,1,,,
D14ASSY1,1150255/001,1,,,
D14ASSY1,1354999,1,,,
D14ASSY1,1358283/003,1,,,
D14ASSY1,1209464/001,1,,,
D14ASSY1,1419742,1,,,
D14ASSY1,1236175,2,,,
D14ASSY2,1282057/001,1,,,
D14ASSY2,1034932/001,1,,,
D14ASSY2,1402042,2,,,
D14ASSY2,1251170/001,1,,,
D14ASSY2,1375678,2,,,
D14ASSY2,1374274/001,2,,,
D14ASSY2,1136570/001,1,,,
D14ASSY2,828-004-301,3,,,
D14ASSY2,1-100-010,1,,,
D14ASSY2,1112403,2,,,
D14ASSY2,1402025,5,,,
D14ASSY2,1141823/001,1,,,
D14ASSY2,1323656/002,6,,,
D14ASSY2,1313695,2,,,
D14ASSY2,1013328,3,,,
D14ASSY2,1323656/001,2,,,
D14ASSY2,1013420,2,,,
D14ASSY2,1246655,4,,,
D14ASSY2,1367280,4,,,
D14ASSY2,1259381/003,1,,,
D14ASSY2,114-020-926/003,1,,,
D14ASSY2,1282057/002,4,,,
D14ASSY2,1325255/001,2,,,
D14ASSY2,1402039,1,,,
D14ASSY2,1323670/001,6,,,
D14ASSY2,1402041,3,,,
D14ASSY2,114-009-764,1,,,
D14ASSY2,1038702/M05,1,,,
D14ASSY2,114-008-444,1,,,
D14ASSY2,114-018-584,1,,,
D14ASSY2,1402040,1,,,
D14ASSY2,1289620,4,,,
D14ASSY2,114-018-793,1,,,
D14ASSY2,1034932/002,1,,,
D14ASSY2,1403871,1,,,
D14ASSY2,1001288/049,1,,,
D14ASSY2,114-018-824,1,,,
D14ASSY2,1220223/013,1,,,
D14ASSY2,1334031,1,,,
D14ASSY2,1149717/001,1,,,
D14ASSY2,114-120-278/N52,1,,,
D14ASSY2,1149717/002,1,,,
D14ASSY2,1314109/004,1,,,
D14ASSY2,154-010-242,1,,,
D14ASSY2,1382461/004,1,,,
D14ASSY2,114-010-229,1,,,
D14ASSY2,114-010-020,1,,,
D14ASSY2,1086338,1,,,
D14ASSY2,1382461/003,1,,,
D14ASSY2,1021633/002,1,,,
D14ASSY2,114-010-017,1,,,
D14ASSY2,1314109/001,1,,,
D14ASSY2,1314109/003,1,,,
D14ASSY2,100-011-448/T48,1,,,
D14ASSY2,100-011-443/T48,1,,,
D14ASSY2,100-009-390/T48,1,,,
D14ASSY2,114-019-182/N17,1,,,
D14ASSY2,1081454/RTB,1,,,
D14ASSY2,100-009-390/RTB,1,,,
D14ASSY2,100-011-444/RTB,1,,,
D14ASSY3,1336375/002,4,,,
D14ASSY3,1390785/001,3,,,
D14ASSY3,1004868,1,,,
D14ASSY3,1216744/R03,1,,,
D14ASSY3,1370038/001,2,,,
D14ASSY3,1391640/001,1,,,
D14ASSY3,1384158/001,1,,,
D14ASSY3,1372249,2,,,
D14ASSY3,1020649,1,,,
D14ASSY3,1243686/013,5,,,
D14ASSY3,1336375/001,4,,,
D14ASSY3,1216744/R02,1,,,
D14ASSY3,1382001,1,,,
D14ASSY3,1392068,1,,,
D14ASSY3,1354183,3,,,
D14ASSY3,1391650,1,,,
D14ASSY3,1020648,1,,,
D14ASSY3,1243686/R13,1,,,
D14ASSY3,1356382/003,1,,,
D14ASSY3,1307198/001,1,,,
D14ASSY3,1264994,1,,,
D14ASSY3,114-006-211/RGS,1,,,
D14ASSY3,1115984,1,,,
D14ASSY3,114-008-996/004,1,,,
D14ASSY3,114-008-996/007,1,,,
D14ASSY3,1380617/002,1,,,
D14ASSY3,1416124,1,,,
D14ASSY3,114-006-308,1,,,
D14ASSY3,1380617/001,1,,,
D14ASSY3,114-008-996/005,1,,,
D14ASSY3,114-019-192/010,1,,,
D14ASSY3,448-130,1,,,
D14ASSY3,1167494/001,1,,,
D14ASSY3,1141744/002,4,,,
D14ASSY3,1166115,1,,,
D14ASSY3,1166116,3,,,
D14ASSY3,1416128,1,,,
D14ASSY3,114-008-996/011,1,,,
D14ASSY3,1027027/RJH,1,,,
D14ASSY3,114-019-194/007,1,,,
D14ASSY3,114-019-194/001,1,,,
D14ASSY3,114-019-194/005,1,,,
D14ASSY3,1435156,1,,,
D14ASSY3,1434848,1,,,
D14ASSY3,114-019-194/002,1,,,
D14ASSY3,1146707/RTD,1,,,
D14ASSY4,1266309/005,3,,,
D14ASSY4,1419739,1,,,
D14ASSY4,5-001-587,1,,,
D14ASSY4,1371491/002,1,,,
D14ASSY4,1371491/021,1,,,
D14ASSY4,1005553,1,,,
D14ASSY4,1336246,2,,,
D14ASSY4,1334341/153,2,,,
D14ASSY4,1334341/127,2,,,
D14ASSY4,1334341/095,1,,,
D14ASSY4,1252480/001,1,,,
D14ASSY4,1334341/161,1,,,
D14ASSY4,1248575,1,,,
D14ASSY4,1371492/006,1,,,
D14ASSY4,830-060,1,,,
D14ASSY4,1028963/002,1,,,
D14ASSY4,1379648/002,5,,,
D14ASSY4,1371491/003,1,,,
D14ASSY4,1317469,1,,,
D14ASSY4,1005541,1,,,
D14ASSY4,1371492/015,1,,,
D14ASSY4,1389384/001,2,,,
D14ASSY4,1266309/003,3,,,
D14ASSY4,1005550,1,,,
D14ASSY4,1376890,1,,,
D14ASSY4,1342660/001,3,,,
D14ASSY4,1371491/014,1,,,
D14ASSY4,1014759/002,5,,,
D14ASSY4,1371492/021,1,,,
D14ASSY4,1269301/001,1,,,
D14ASSY4,1360703,1,,,
D14ASSY4,1378384,1,,,
D14ASSY4,1334341/107,3,,,
D14ASSY4,1371491/006,1,,,
D14ASSY4,1371492/014,2,,,
D14ASSY4,1245707/004,1,,,
D14ASSY4,1371492/003,1,,,
D14ASSY4,1371492/002,1,,,
D14ASSY4,1334341/171,1,,,
D14ASSY4,1371491/015,2,,,
D14ASSY4,1245707/003,1,,,
D14ASSY4,1378371,1,,,
D14ASSY4,1081276,1,,,
D14ASSY4,1391944,3,,,
D14ASSY4,1339922,3,,,
D14ASSY4,1261267/001,1,,,
D14ASSY4,1371491/012,1,,,
D14ASSY4,1321840/111,3,,,
D14ASSY4,1371492/008,1,,,
D14ASSY4,1131772/007,1,,,
D14ASSY4,1266309/RRK,1,,,
D14ASSY4,1334341/132,1,,,
D14ASSY4,1371491/008,2,,,
D14ASSY4,1386448/001,1,,,
D14ASSY4,1334341/147,1,,,
D14ASSY4,1371492/012,2,,,
D14ASSY4,1339901,4,,,
D14ASSY4,1419740,2,,,
D14ASSY4,1236175,2,,,
D14ASSY4,1146007/002,1,,,
D14ASSY4,1371491/004,1,,,
D14ASSY4,1334341/118,2,,,
D14ASSY4,1371492/004,1,,,
D14ASSY4,1028963/005,1,,,
D14ASSY4,1266309/MMM,2,,,
D14ASSY4,1248576,1,,,
D14ASSY4,1266309/M05,1,,,
D14ASSY4,114-019-279/TX3,1,,,
D14ASSY4,1131772/004,1,,,
D14ASSY4,1145999/008,1,,,
D14ASSY4,1334341/088,2,,,
D14ASSY4,1371492/001,1,,,
D14ASSY4,1371491/001,1,,,
D14ASSY4,1321399,1,,,
D14ASSY4,1321399/RSV,2,,,
D14ASSY4,1371492/010,1,,,
D14ASSY4,1352606/127,1,,,
D14ASSY4,1334341/141,2,,,
D14ASSY4,838-012-021/013,1,,,
D14ASSY4,1334342/127,1,,,
D14ASSY4,1371491/010,2,,,
D14ASSY4,1125527/008,1,,,
D14ASSY4,838-012-749,1,,,
D14ASSY4,1334341/144,1,,,
D14ASSY4,1371492/009,1,,,
D14ASSY4,1371491/009,1,,,
D14ASSY4,1125527/007,2,,,
D14ASSY4,1384158/001,1,,,
D14ASSY4,1264994,1,,,
D14ASSY4,1004868,1,,,
D14ASSY4,1371491/023,1,,,
D14ASSY4,1334341/193,1,,,
D14ASSY4,1371491/007,1,,,
D14ASSY4,1334341/136,1,,,
D14ASSY4,1371492/007,1,,,
D14ASSY4,1371492/023,1,,,
D14ASSY4,1317473,1,,,
D14ASSY4,114-008-996/004,1,,,
D14ASSY4,114-008-996/007,1,,,
D14ASSY4,114-009-768,1,,,
D14ASSY4,114-009-767,1,,,
D14ASSY4,1334341/123,1,,,
D14ASSY4,114-006-211/RGS,1,,,
D14ASSY4,1371492/005,1,,,
D14ASSY4,1371491/005,1,,,
D14ASSY4,1261267/005,1,,,
D14ASSY4,1419742,1,,,
D14ASSY4,1352606/095,1,,,
D14ASSY4,1371491/011,1,,,
D14ASSY4,1334342/095,1,,,
D14ASSY4,1334341/159,1,,,
D14ASSY4,1371492/011,1,,,
D14ASSY4,1352971,1,,,
D14ASSY4,1146007/001,1,,,
D14ASSY4,1329991/006,1,,,
D14ASSY4,1329991/005,1,,,
D14ASSY4,1329991/008,1,,,
D14ASSY4,1330801/001,2,,,
D14ASSY4,1330801/002,1,,,
D14ASSY4,1329991/007,1,,,
D14ASSY4,1052607/012,2,,,
D14ASSY4,1283702,1,,,
D14ASSY4,1329991/R05,1,,,
D14ASSY4,1329991/R06,1,,,
D14ASSY4,1389565/001,1,,,
D14ASSY4,1352606/107,1,,,
D14ASSY4,1371492/013,1,,,
D14ASSY4,1371491/013,1,,,
D14ASSY4,1334341/165,1,,,
D14ASSY4,1334342/107,1,,,
D14ASSY4,114-008-996/010,1,,,
D14ASSY4,1411610,1,,,
D14ASSY4,1036930/002,1,,,
D14ASSY4,1371492/016,1,,,
D14ASSY4,1371491/016,1,,,
D14ASSY4,1371967/003,1,,,
D14ASSY4,1036930/NJ1,1,,,
D14ASSY4,1145999/009,1,,,
D14ASSY4,1371967/007,1,,,
D14ASSY4,114-009-624/R01,1,,,
D14ASSY4,1261267/003,1,,,
D14ASSY4,1371967/006,1,,,
D14ASSY4,1342102/002,1,,,
D14ASSY4,1371491/018,1,,,
D14ASSY4,114-008-875,1,,,
D14ASSY4,1371492/018,1,,,
D14ASSY4,1146007/005,1,,,
D14ASSY4,1145999/004,1,,,
D14ASSY4,114-006-308,1,,,
D14ASSY4,114-008-996/005,1,,,
D14ASSY4,1028963/R01,1,,,
D14ASSY4,5-001-592,1,,,
D14ASSY4,1334342/132,1,,,
D14ASSY4,1352606/132,1,,,
D14ASSY4,1119256/RRS,1,,,
D14ASSY4,1052607/011,1,,,
D14ASSY4,1371967/005,1,,,
D14ASSY4,1371967/009,1,,,
D14ASSY4,114-009-737,1,,,
D14ASSY4,1339821/001,1,,,
D14ASSY4,1339833/001,1,,,
D14ASSY4,1410877,1,,,
D14ASSY4,1149717/002,1,,,
D14ASSY4,1149717/001,1,,,
D14BTGATE,1120114,3,,,
D14BTGATE,1052004/001,1,,,
D14BTGATE,1037685,4,,,
D14BTGATE,1052004/004,2,,,
D14BTGATE,1125168/001,1,,,
D14BTGATE,1125168/002,3,,,
D14BTGATE,1052004/003,1,,,
D14BTGATE,1041243/002,10,,,
D14BTGATE,1282987/002,2,,,
D14BTGATE,1120137,3,,,
D14BTGATE,1037680/001,2,,,
D14BTGATE,1282987/001,1,,,
D14BTGATE,1282988/001,1,,,
D14BTGATE,1037699,1,,,
D14BTGATE,1052004/002,1,,,
D14BTGATE,1041243/003,2,,,
D14BTGATE,1037680/002,1,,,
D14BTGATE,1384158/001,1,,,
D14BTGATE,1037680/003,1,,,
D14BTGATE,1037680/006,1,,,
D14BTGATE,1037680/005,1,,,
D14BTGATE,1037680/004,1,,,
D14BTGATE,1052004/008,1,,,
D14BTGATE,1037680/008,1,,,
D14BTGATE,114-019-194/002,1,,,
D14BTGATE,1037680/007,1,,,
D14BTGATE,114-019-194/004,1,,,
D14BTGATE,1209514/001,1,,,
D14BTGATE,1004868,1,,,
D14BTGATE,1146707/210,1,,,
D14BTGATE,1146706/210,1,,,
D14BTGATE,1115984,1,,,
D14BTGATE,1359566,1,,,
D14BTGATE,114-019-194/001,1,,,
D14BTGATE,1282988/002,1,,,
D14BTGATE,1052004/007,1,,,
D14BTGATE,114-019-194/006,1,,,
D14SUB2,1303525/002,1,,,
D14SUB2,1275051/006,4,,,
D14SUB2,1045780/202,2,,,
D14SUB2,1275051/106,2,,,
D14SUB2,1389992,1,,,
D14SUB2,1303525/001,1,,,
D14SUB2,1045780/311,4,,,
D14SUB2,1253858,2,,,
D14SUB2,1045780/301,5,,,
D15ASSY1,1272388/001,2,,,
D15ASSY1,1372386,1,,,
D15ASSY1,223-001-312/004,1,,,
D15ASSY1,1423603,1,,,
D15ASSY1,1022003/005,3,,,
D15ASSY1,1152889,29,,,
D15ASSY1,1370038/001,2,,,
D15ASSY1,223-001-312/003,4,,,
D15ASSY1,1380452,5,,,
D15ASSY1,1165491/001,1,,,
D15ASSY1,1156545/N01,1,,,
D15ASSY1,1392724,2,,,
D15ASSY1,1165491/002,1,,,
D15ASSY1,1350235/001,1,,,
D15ASSY1,223-001-848/001,1,,,
D15ASSY1,1392725,1,,,
D15ASSY1,1047953/002,1,,,
D15ASSY1,1152890,2,,,
D15ASSY1,1047953/001,2,,,
D15ASSY1,1397915,1,,,
D15ASSY1,1402316,1,,,
D15ASSY1,1182791/005,1,,,
D15ASSY1,1182791/003,1,,,
D15ASSY1,1148412,1,,,
D15ASSY1,1039653/006,2,,,
D15ASSY1,1159071/021,1,,,
D15ASSY1,1241301/R01,1,,,
D15ASSY1,1182791/002,1,,,
D15ASSY1,1047822/001,1,,,
D15ASSY1,1182791/001,1,,,
D15ASSY1,1159072/013,1,,,
D15ASSY1,223-001-848/PW7,1,,,
D15ASSY1,1262087/003,1,,,
D15ASSY1,1139540,1,,,
D15ASSY1,1181605/002,1,,,
D15ASSY1,1139536,1,,,
D15ASSY1,1018221,1,,,
D15ASSY1,1228375,1,,,
D15ASSY1,1-100-010,1,,,
D15ASSY1,1182791/009,1,,,
D15ASSY1,1204319/002,1,,,
D15ASSY1,1204320/001,1,,,
D15ASSY1,1228374/PDZ,1,,,
D15ASSY1,1182791/019,1,,,
D15ASSY1,1204319/003,1,,,
D15ASSY1,1204318/001,2,,,
D15ASSY1,1204319/001,1,,,
D15ASSY1,792-523,1,,,
D15ASSY1,1182791/015,1,,,
D15ASSY1,1393002,1,,,
D15ASSY1,1256418/001,1,,,
D15ASSY1,1393001,1,,,
D15ASSY1,5-004-521,1,,,
D15ASSY1,1152889/YEU,1,,,
D15ASSY1,1181605/001,3,,,
D15ASSY1,1143791,1,,,
D15ASSY1,1159355,1,,,
D15ASSY1,1252246,1,,,
D15ASSY1,1262087/001,1,,,
D15ASSY1,1144626,1,,,
D15ASSY1,1139457/001,1,,,
D15ASSY1,1363995,1,,,
D15ASSY1,1363403/001,1,,,
D15ASSY1,1159069/048,1,,,
D15ASSY1,790-206,1,,,
D15ASSY1,1047954/002,1,,,
D15ASSY1,792-342,1,,,
D15ASSY1,1406990/002,1,,,
D15ASSY1,1406990/001,1,,,
D15ASSY1,1406765,1,,,
D15ASSY1,1319209,1,,,
D15ASSY1,1141533/YBJ,2,,,
D15ASSY1,1182791/018,1,,,
D15ASSY1,1182791/017,1,,,
D15ASSY1,590-628/003,1,,,
D15ASSY1,1256418/002,1,,,
D15ASSY2,1405399/001,18,,,
D15ASSY2,1405399/002,4,,,
D15ASSY2,1362460,4,,,
D15ASSY2,1310351/017,5,,,
D15ASSY2,1310351/013,11,,,
D15ASSY2,1405399/005,15,,,
D15ASSY2,1310351/016,2,,,
D15ASSY2,223-001-850/003,1,,,
D15ASSY2,1310351/014,3,,,
D15ASSY2,1150255/001,1,,,
D15ASSY2,1405399/004,4,,,
D15ASSY2,223-001-850/004,1,,,
D15ASSY2,1109738/615,1,,,
D15ASSY2,1144163/RRD,1,,,
D15ASSY2,223-001-850/005,1,,,
D15ASSY2,1342102/002,1,,,
D15ASSY2,1360011,1,,,
D15ASSY2,1119139,1,,,
D15ASSY2,1118072,1,,,
D15ASSY2,1139631,1,,,
D15ASSY3,1413342,9,,,
D15ASSY3,1260571,5,,,
D15ASSY3,1406787,1,,,
D15ASSY3,1297428/001,1,,,
D15ASSY3,1275168/002,1,,,
D15ASSY3,1275168/001,1,,,
D15ASSY3,1342101/019,3,,,
D15ASSY3,1342101/014,3,,,
D15ASSY3,790-808,1,,,
D15ASSY3,1245060/001,1,,,
D15ASSY3,1275169/002,1,,,
D15ASSY3,1342101/015,1,,,
D15ASSY3,1342101/026,1,,,
D15ASSY3,1337825/002,1,,,
D15ASSY3,1342101/030,1,,,
D15ASSY3,1342101/031,1,,,
D15ASSY3,1275169/001,1,,,
D15ASSY3,1182791/012,1,,,
D15ASSY3,1342101/039,1,,,
D15ASSY3,1342101/021,1,,,
D15ASSY3,1236165/003,1,,,
D15ASSY3,1217957/PBG,1,,,
D15ASSY3,1217742/M01,1,,,
D15ASSY3,1258099,1,,,
D15ASSY3,1231970,1,,,
D15ASSY3,1412818/001,1,,,
D15ASSY3,1231968,1,,,
D15ASSY3,1182791/003,1,,,
D15ASSY3,1276017,1,,,
D15ASSY3,1182791/014,1,,,
D15ASSY3,1231969,1,,,
D15ASSY3,1236165/101,1,,,
D15ASSY3,1231972,1,,,
D15ASSY3,1236165/001,1,,,
D15ASSY3,1231967,1,,,
D15ASSY3,1231973,1,,,
D15ASSY3,1342101/024,1,,,
D15ASSY3,1270459,1,,,
D15ASSY3,1393396/002,1,,,
D15ASSY3,1236165/103,1,,,
D15ASSY3,1236165/MA1,1,,,
D15ASSY3,1393396/001,1,,,
D15ASSY3,1412818/002,1,,,
D15ASSY3,1342101/025,1,,,
D15ASSY4,1175020/001,2,,,
D15ASSY4,1168311,3,,,
D15ASSY4,1222584,5,,,
D15ASSY4,1175304,2,,,
D15ASSY4,1397205,3,,,
D15ASSY4,1397174,2,,,
D15ASSY4,1363139/002,4,,,
D15ASSY4,1427651/001,1,,,
D15ASSY4,590-628/003,1,,,
D15ASSY4,1377032,1,,,
D15ASSY4,1197564/002,3,,,
D15ASSY4,590-628/002,1,,,
D15ASSY4,1378304/001,1,,,
D15ASSY4,1386399,2,,,
D15ASSY4,1377038,1,,,
D15ASSY4,1158200,5,,,
D15ASSY4,1377041,1,,,
D15ASSY4,1197564/001,4,,,
D15ASSY4,1386400,1,,,
D15ASSY4,1387237,3,,,
D15ASSY4,1112327,1,,,
D15ASSY4,1399494,1,,,
D15ASSY4,1377042/001,1,,,
D15ASSY4,1013395/002,1,,,
D15ASSY4,1013395/001,1,,,
D15ASSY4,360-028/006,1,,,
D15ASSY4,828-004-301,3,,,
D15ASSY4,1017663,2,,,
D15ASSY4,1018119,1,,,
D15ASSY4,1013397,1,,,
D15ASSY4,1424044/001,10,,,
D15ASSY4,1001288/144,1,,,
D15ASSY4,1424044/002,12,,,
D15ASSY4,1-100-013,1,,,
D15ASSY5,1321963/001,2,,,
D15ASSY5,1266309/002,1,,,
D15ASSY5,1402316,1,,,
D15ASSY5,1336375/001,4,,,
D15ASSY5,1336375/002,4,,,
D15ASSY5,1018221,1,,,
D15ASSY5,1243686/013,5,,,
D15ASSY5,1352983/001,1,,,
D15ASSY5,1399490,2,,,
D15ASSY5,1399908/002,1,,,
D15ASSY5,1330801/001,2,,,
D15ASSY5,1323656/002,6,,,
D15ASSY5,1321840/111,3,,,
D15ASSY5,1264353/001,1,,,
D15ASSY5,1264356/001,1,,,
D15ASSY5,1099296/001,1,,,
D15ASSY5,1323670/002,3,,,
D15ASSY5,1330801/002,1,,,
D15ASSY5,1305322/002,1,,,
D15ASSY5,1380617/003,1,,,
D15ASSY5,1264353/002,1,,,
D15ASSY5,1330801/003,1,,,
D15ASSY5,1245344,1,,,
D15ASSY5,1416413/002,2,,,
D15ASSY5,1380617/002,1,,,
D15ASSY5,1413234,1,,,
D15ASSY5,1380617/001,1,,,
D15ASSY5,1309872/001,1,,,
D15ASSY5,1413233,1,,,
D15ASSY5,1431927,1,,,
D15ASSY5,1432522,1,,,
D15ASSY5,1432523,1,,,
D15ASSY5,1371241,1,,,
D15ASSY5,1167495/013,1,,,
D15ASSY5,1309872/002,1,,,
D15ASSY5,1099296/002,1,,,
D15ASSY5,1238415/PBF,1,,,
D15ASSY5,1352976,1,,,
D15ASSY5,1245343,1,,,
D15ASSY5,1309872/M01,1,,,
D15ASSY6,1245934/PU8,1,,,
D15ASSY6,1136522,1,,,
D15ASSY6,1196726/001,1,,,
D15ASSY6,1263700/001,2,,,
D15ASSY6,1317006,6,,,
D15ASSY6,1383752/001,1,,,
D15ASSY6,1391640/001,1,,,
D15ASSY6,1383752/002,1,,,
D15ASSY6,1416413/002,2,,,
D15ASSY6,1069792,1,,,
D15ASSY6,1383753,2,,,
D15ASSY6,1329991/013,1,,,
D15ASSY6,1391943,4,,,
D15ASSY6,1137083/001,1,,,
D15ASSY6,1329991/001,1,,,
D15ASSY6,1266309/001,2,,,
D15ASSY6,1329991/018,1,,,
D15ASSY6,1379648/002,5,,,
D15ASSY6,1431768,1,,,
D15ASSY6,1323656/002,6,,,
D15ASSY6,1321840/111,3,,,
D15ASSY6,1292158,1,,,
D15ASSY6,1399490,2,,,
D15ASSY6,1399908/002,1,,,
D15ASSY6,1323670/002,3,,,
D15ASSY6,1431767,1,,,
D15ASSY6,1245934/001,2,,,
D15ASSY6,1079214,1,,,
D15ASSY6,1245934/007,1,,,
D15ASSY6,1423306,1,,,
D15ASSY6,1379648/004,1,,,
D15ASSY6,1423307,1,,,
D15ASSY6,1245934/005,1,,,
D15ASSY6,1245934/006,1,,,
D15ASSY6,1276233/001,1,,,
D15ASSY6,1318371,1,,,
D15ASSY6,1318475,1,,,
D15ASSY6,1336375/001,4,,,
D15ASSY6,1352983/001,1,,,
D15ASSY6,1217744/PDZ,1,,,
D15ASSY6,1217743/PDZ,1,,,
D15ASSY6,1395839/NB1,1,,,
D15ASSY6,1266309/002,1,,,
D15ASSY6,1144163/RRD,1,,,
D15ASSY6,1137083/WBP,1,,,
D15ASSY6,1336375/002,4,,,
D15ASSY6,1352976,1,,,
D15ASSY6,1245934/003,1,,,
D15ASSY6,1264353/002,1,,,
D15BTGATE,1319442/004,3,,,
D15BTGATE,1319442/002,4,,,
D15BTGATE,1319442/103,4,,,
D15BTGATE,1319442/105,1,,,
D15BTGATE,1319442/003,3,,,
D15BTGATE,1319442/005,3,,,
D15BTGATE,1319442/104,1,,,
D15BTGATE,1319442/001,1,,,
D15BTGATE,1319442/102,2,,,
D15BTGATE,1319442/101,1,,,
D15ROLLERS,1325740/001,1,,,
D15ROLLERS,1340643/001,3,,,
D15ROLLERS,828-001-430/018,4,,,
D15ROLLERS,1045780/301,5,,,
D15ROLLERS,154-011-059/002,1,,,
D15ROLLERS,1233519/002,4,,,
D15ROLLERS,1328089,1,,,
D15ROLLERS,1308855/001,1,,,
D15ROLLERS,1363349/107,3,,,
D15ROLLERS,1034865,1,,,
D15ROLLERS,1037455,1,,,
D15ROLLERS,1361564/002,6,,,
D15ROLLERS,1363349/106,1,,,
D15ROLLERS,1319231/001,3,,,
D15ROLLERS,1400314/002,8,,,
D15ROLLERS,828-001-430/019,4,,,
D15ROLLERS,1327750/002,1,,,
D15ROLLERS,1299342/001,4,,,
D15ROLLERS,1319231/002,1,,,
D15ROLLERS,828-001-430/020,2,,,
D15ROLLERS,1361564/004,3,,,
D15ROLLERS,1400314/004,1,,,
D15ROLLERS,1392728,1,,,
D15ROLLERS,1150775,1,,,
D15ROLLERS,1392727/001,1,,,
D15ROLLERS,1366773/003,2,,,
D15ROLLERS,1305560,2,,,
D15ROLLERS,828-001-430/017,5,,,
D15ROLLERS,1148412,1,,,
D15ROLLERS,1382002,1,,,
D15ROLLERS,1354183,3,,,
D15ROLLERS,1045780/311,4,,,
D15ROLLERS,1192042,1,,,
D15ROLLERS,1360012,2,,,
D15ROLLERS,1399493,1,,,
D15ROLLERS,1390883/001,4,,,
D15ROLLERS,1399489,2,,,
D15ROLLERS,1144611,1,,,
D15ROLLERS,1192093,1,,,
D15ROLLERS,1295575/004,1,,,
D15ROLLERS,1311103,1,,,
D15ROLLERS,1245934/001,2,,,
D15ROLLERS,1295575/003,1,,,
D15ROLLERS,1358283/002,1,,,
D15ROLLERS,223-001-815/004,1,,,
D15ROLLERS,223-001-784/009,2,,,
D15ROLLERS,223-001-784/006,2,,,
D15ROLLERS,1370038/001,2,,,
D15ROLLERS,1391640/001,1,,,
D15ROLLERS,1380452,5,,,
D15ROLLERS,1245934/PU8,1,,,
D15ROLLERS,017-245-050/917,1,,,
D15ROLLERS,223-001-784/008,1,,,
D15ROLLERS,223-001-815/002,1,,,
D15ROLLERS,1109738/015,1,,,
D15ROLLERS,1109738/005,1,,,
D15ROLLERS,1101137/001,2,,,
D15ROLLERS,828-001-430/021,1,,,
D15ROLLERS,223-001-850/001,1,,,
D15ROLLERS,1125762,1,,,
D15ROLLERS,1340643/002,1,,,
D15ROLLERS,1423603,1,,,
D15ROLLERS,1340643/003,1,,,
D15ROLLERS,1125763,1,,,
D15ROLLERS,1245934/006,1,,,
D15ROLLERS,1267134,1,,,
D15ROLLERS,1157167,1,,,
D15ROLLERS,223-001-784/010,1,,,
D15ROLLERS,223-001-815/001,1,,,
D15ROLLERS,1109738/605,1,,,
D15ROLLERS,1245934/002,1,,,
D15ROLLERS,1340643/004,1,,,
D15ROLLERS,1361966,1,,,
D15ROLLERS,223-001-784/S15,1,,,
D15ROLLERS,223-001-815/XEN,1,,,
D15ROLLERS,223-001-815/005,2,,,
D15ROLLERS,1245934/003,1,,,
D15ROLLERS,223-001-850/002,1,,,
D18HOSE,1021890/023,3,,,
D18HOSE,1261283/021,3,,,
D18HOSE,1021890/006,4,,,
D18HOSE,1210529/032,1,,,
D18HOSE,1210529/009,2,,,
D18HOSE,1210529/045,1,,,
D18HOSE,1021890/047,3,,,
D18HOSE,1369360/001,1,,,
D18HOSE,1021890/019,1,,,
D18HOSE,1021890/009,1,,,
D18HOSE,1021890/004,2,,,
D18HOSE,1021890/024,3,,,
D18HOSE,1261283/063,1,,,
D18HOSE,1261283/009,2,,,
D18HOSE,1021890/022,1,,,
D18HOSE,1261283/042,1,,,
D18HOSE,1021890/007,2,,,
D18HOSE,1021890/027,4,,,
D18HOSE,1021890/003,3,,,
D18HOSE,1261283/070,1,,,
D18HOSE,1021890/021,1,,,
D18HOSE,1021890/010,1,,,
D18HOSE,1261283/044,1,,,
D18HOSE,1261283/013,1,,,
D18HOSE,1261283/062,1,,,
D18HOSE,1210529/036,1,,,
D18HOSE,1261283/074,3,,,
D18HOSE,1261283/066,2,,,
D18HOSE,1261283/045,4,,,
D18HOSE,1261283/014,1,,,
D18HOSE,1261283/056,3,,,
D18HOSE,1210529/049,1,,,
D18HOSE,1261283/036,3,,,
D18HOSE,1261283/024,1,,,
D18HOSE,1210529/021,5,,,
D18HOSE,1261283/060,2,,,
D18HOSE,1261283/049,1,,,
D18HOSE,1210529/029,2,,,
D18HOSE,1021890/028,1,,,
D18HOSE,1261283/007,1,,,
D18HOSE,1258856/098,1,,,
D18HOSE,1210529/056,1,,,
D18HOSE,1021890/029,1,,,
D18HOSE,1258856/091,1,,,
D18HOSE,1021890/030,1,,,
D18HOSE,1210529/003,1,,,
D18HOSE,1261283/055,1,,,
D18HOSE,1261283/028,1,,,
D18HOSE,1210529/005,1,,,
D18HOSE,1261283/033,1,,,
D18HOSE,1258856/083,1,,,
D18HOSE,1261283/032,3,,,
D18HOSE,1210529/033,1,,,
D18HOSE,1261283/030,1,,,
D18HOSE,1210529/060,1,,,
D18HOSE,1142200,2,,,
D18HOSE,1210529/014,1,,,
D18HOSE,1172810,1,,,
D18HOSE,1210529/074,1,,,
D18HOSE,1261283/003,1,,,
D18HOSE,1210529/066,1,,,
D18HOSE,1210529/055,1,,,
D18HOSE,1210529/016,1,,,
D18HOSE,1261283/019,1,,,
D18HOSE,1210529/024,1,,,
D18HOSE,1261283/053,1,,,
D18HOSE,1210529/001,1,,,
D18HOSE,1210529/072,1,,,
D18HOSE,1260783/081,2,,,
D18HOSE,1210529/028,1,,,
D18HOSE,1258856/123,1,,,
D18HOSE,1261283/029,1,,,
D18HOSE,1260783/063,1,,,
D18HOSE,1210529/017,1,,,
D18HOSE,1210529/042,1,,,
D18HOSE,1210529/062,1,,,
D18HOSE,1210529/007,1,,,
D18HOSE,1261283/004,1,,,
D18HOSE,1261283/067,1,,,
D18HOSE,1261283/034,1,,,
D18HOSE,1210529/002,1,,,
D18HOSE,1261283/005,1,,,
D18HOSE,1210529/004,1,,,
D18HOSE,1258856/128,1,,,
D18HOSE,1258856/137,1,,,
D18HOSE,1258856/144,1,,,
D18HOSE,1261283/037,1,,,
D18HOSE,1261283/017,1,,,
D18HOSE,1258856/080,1,,,
D18HOSE,1258856/141,1,,,
D18HOSE,1210529/008,1,,,
D18HOSE,1261283/016,1,,,
D18HOSE,1261283/050,1,,,
D18HOSE,1145473,1,,,
D18HOSE,1369360/V01,1,,,
D18HOSE,1369360/VA4,1,,,
D18HOSE,1210529/020,1,,,
D18HOSE,1261283/051,1,,,
D18HOSE,1210529/070,1,,,
D18HOSE,1261283/052,1,,,
D18HOSE,1261283/026,1,,,
D18HOSE,1258856/116,1,,,
D18HOSE,1261283/043,1,,,
D18HOSE,1261283/031,1,,,
D18HOSE,1261283/054,1,,,
D18HOSE,1369360/VA5,1,,,
D18HOSE,1369360/V02,1,,,
D18HOSE,1210529/011,1,,,
D18HOSE,1261283/048,1,,,
D18HOSE,1210529/012,1,,,
RCHBTMLEFT,1016522/241,2,,,
RCHBTMLEFT,1140847/160,4,,,
RCHBTMLEFT,1016710,8,,,
RCHBTMLEFT,1140847/133,3,,,
RCHBTMLEFT,1140847/113,4,,,
RCHBTMLEFT,1140847/111,4,,,
RCHBTMLEFT,1189105/201,3,,,
RCHBTMLEFT,1191146/004,2,,,
RCHBTMLEFT,1140847/131,3,,,
RCHBTMLEFT,1140847/360,1,,,
RCHBTMLEFT,1140847/132,4,,,
RCHBTMLEFT,1140847/162,1,,,
RCHBTMLEFT,1191185/002,1,,,
RCHBTMLEFT,1331759/113,1,,,
RCHBTMLEFT,1140847/112,3,,,
RCHBTMLEFT,1211128,4,,,
RCHBTMLEFT,1331759/132,2,,,
RCHBTMLEFT,1393884/001,1,,,
RCHBTMLEFT,1393885/001,1,,,
RCHBTMLEFT,1331759/133,1,,,
RCHBTMLEFT,7-714-024/010,1,,,
RCHBTMLEFT,1331759/160,1,,,
RCHBTMLEFT,1385632/002,1,,,
RCHBTMLEFT,1384336/002,1,,,
RCHBTMLEFT,1140847/163,2,,,
RCHBTMLEFT,1385632/001,2,,,
RCHBTMLEFT,1140847/114,1,,,
RCHBTMLEFT,1331759/131,1,,,
RCHBTMLEFT,1331759/111,1,,,
RCHBTMLEFT,1331759/112,1,,,
RCHBTMRIGHT,830-218,1,,,
RCHBTMRIGHT,1361961/002,4,,,
RCHBTMRIGHT,1109738/115,2,,,
RCHBTMRIGHT,828-000-234/107,15,,,
RCHBTMRIGHT,828-006-697,2,,,
RCHBTMRIGHT,1109738/205,3,,,
RCHBTMRIGHT,1186473,4,,,
RCHBTMRIGHT,1363423/001,4,,,
RCHBTMRIGHT,828-006-728,3,,,
RCHBTMRIGHT,1109738/215,3,,,
RCHBTMRIGHT,1393730,3,,,
RCHBTMRIGHT,1361960/002,4,,,
RCHBTMRIGHT,1077916,2,,,
RCHBTMRIGHT,1294511,2,,,
RCHBTMRIGHT,1250850,1,,,
RCHBTMRIGHT,1109738/105,1,,,
RCHBTMRIGHT,1361960/004,1,,,
RCHBTMRIGHT,1361961/004,2,,,
RCHBTMRIGHT,1214207,1,,,
RCHBTMRIGHT,1048703,3,,,
RCHBTMRIGHT,828-000-234/208,3,,,
RCHBTMRIGHT,828-000-234/008,4,,,
RCHBTMRIGHT,1048702,4,,,
RCHBTMRIGHT,828-000-234/307,5,,,
RCHBTMRIGHT,1214208,1,,,
RCHBTMRIGHT,5-004-046,1,,,
RCHBTMRIGHT,1211800,1,,,
RCHBTMRIGHT,1429317,3,,,
RCHBTMRIGHT,1402339,4,,,
RCHBTMRIGHT,1398457,1,,,
RCHBTMRIGHT,1362021/002,2,,,
RCHBTMRIGHT,1362020/002,2,,,
RCHBTMRIGHT,1384225/002,1,,,
RCHBTMRIGHT,1091124,1,,,
RCHBTMRIGHT,1294019,1,,,
RCHBTMRIGHT,1363349/101,1,,,
RCHBTMRIGHT,1109738/915,1,,,
RCHBTMRIGHT,1109738/905,1,,,
RCHBTMRIGHT,1135784,1,,,
RCHBTMRIGHT,1020649/VAA,2,,,
RCHBTMRIGHT,1020649/N02,1,,,
RCHBTMRIGHT,1384225/001,1,,,
RCHBTMRIGHT,1363349/103,1,,,
RCHBTMRIGHT,1361966,1,,,
RCHBTMRIGHT,1385627/001,1,,,
RCHBTMRIGHT,1385628/001,1,,,
RCHBTMRIGHT,1204111/001,1,,,
RCHBTMRIGHT,1363349/104,1,,,
RCHBTMRIGHT,1109738/715,1,,,
RCHBTMRIGHT,1109738/505,1,,,
RCHBTMRIGHT,1109738/515,1,,,
RCHBTMRIGHT,1362020/004,1,,,
RCHBTMRIGHT,1362021/004,1,,,
RCHFNLPOST,1030426/017,2,,,
RCHFNLPOST,1030426/018,3,,,
RCHFNLPOST,1030426/019,1,,,
RCHFNLPOST,1030431/006,1,,,
RCHFNLPOST,1030426/020,1,,,
RCHFNLPOST,1030426/016,1,,,
RCHFNLPOST,1030431/009,1,,,
RCHFNLPOST,1248394/005,1,,,
RCHFNLPOST,1030426/015,1,,,
RCHFNLPOST,1030431/106,1,,,
RCHFNLPOST,1030431/110,1,,,
RCHFNLPOST,1030426/012,1,,,
RCHFNLPOST,1030426/011,1,,,
RCHFNLPOST,1030431/007,1,,,
RCHFNLPOST,1030431/109,1,,,
RCHFNLPOST,1030431/010,1,,,
RCHFNLPOST,1030426/117,1,,,
RCHFNLPOST,1030426/118,1,,,
RCHFNLPOST,1030431/003,1,,,
RCHFNLPOST,1030431/115,1,,,
RCHFNLPOST,1030431/017,1,,,
RCHFNLPOST,1030426/040,1,,,
RCHFNLPOST,1049634/026,1,,,
RCHFNLPOST,1049634/025,1,,,
RCHFNLPOST,1030426/008,1,,,
RCHFNLPOST,1030426/007,1,,,
RCHFNLPOST,1030426/112,1,,,
RCHFNLPOST,1030426/111,1,,,
RCHFNLPOST,1030426/003,1,,,
RCHFNLPOST,1030426/004,1,,,
RCHFNLPOST,1077546/009,1,,,
RCHFNLPOST,1030431/102,1,,,
RCHFNLPOST,1030426/014,1,,,
RCHFNLPOST,1030426/013,1,,,
RCHFNLPOST,1030426/006,1,,,
RCHFNLPOST,1030426/005,1,,,
RCHFNLPOST,1030431/103,1,,,
RCHFNLPOST,1030431/015,1,,,
RCHFNLPOST,1030431/019,1,,,
RCHFNLPOST,1030431/028,1,,,
RCHFNLPOST,1030426/044,1,,,
RCHFNLPOST,1030431/022,1,,,
RCHFNLPOST,1030431/117,1,,,
RCHFNLPOST,1030426/042,1,,,
RCHFNLPOST,1030431/026,1,,,
RCHFNLPOST,1030426/026,1,,,
RCHFNLPOST,1030426/034,1,,,
RCHFNLPOST,1049634/033,1,,,
RCHFNLPOST,1049634/034,1,,,
RCHMAST1,1091973/002,3,,,
RCHMAST1,623-010-284,5,,,
RCHMAST1,1031101,4,,,
RCHMAST1,1053383,4,,,
RCHMAST1,623-010-353/308,2,,,
RCHMAST1,1334317/045,3,,,
RCHMAST1,1187962/002,2,,,
RCHMAST1,1334317/042,1,,,
RCHMAST1,828-008-204,5,,,
RCHMAST1,1053388,2,,,
RCHMAST1,1334317/021,3,,,
RCHMAST1,1334317/063,1,,,
RCHMAST1,1098925,2,,,
RCHMAST1,1014759/002,5,,,
RCHMAST1,1334317/009,2,,,
RCHMAST1,623-010-354/407,5,,,
RCHMAST1,1334317/032,2,,,
RCHMAST1,1098924,1,,,
RCHMAST1,1053384,5,,,
RCHMAST1,1053386,2,,,
RCHMAST1,1334317/074,3,,,
RCHMAST1,1022987,1,,,
RCHMAST1,1091907/002,7,,,
RCHMAST1,1014767,3,,,
RCHMAST1,828-008-202,2,,,
RCHMAST1,1334317/070,1,,,
RCHMAST1,623-010-354/308,2,,,
RCHMAST1,623-010-354/107,2,,,
RCHMAST1,1053387,2,,,
RCHMAST1,623-010-358/007,5,,,
RCHMAST1,1053385,1,,,
RCHMAST1,623-010-354/008,3,,,
RCHMAST1,623-010-109,4,,,
RCHMAST1,1014758/002,5,,,
RCHMAST1,623-010-281,1,,,
RCHMAST1,1352008/088,3,,,
RCHMAST1,1334317/066,2,,,
RCHMAST1,1091866/002,3,,,
RCHMAST1,1334317/014,1,,,
RCHMAST1,1334317/007,1,,,
RCHMAST1,1187962/001,1,,,
RCHMAST1,1334317/036,1,,,
RCHMAST1,1334317/024,1,,,
RCHMAST1,1049971,1,,,
RCHMAST1,1334317/049,1,,,
RCHMAST1,1014759/001,2,,,
RCHMAST1,623-010-352/007,1,,,
RCHMAST1,1049869,1,,,
RCHMAST1,1334317/056,2,,,
RCHMAST1,1091979,2,,,
RCHMAST1,1184752/001,1,,,
RCHMAST1,623-010-353/307,2,,,
RCHMAST1,1091980,2,,,
RCHMAST1,1334317/013,1,,,
RCHMAST1,1334317/044,1,,,
RCHMAST1,1091960/002,1,,,
RCHMAST1,625-000-154/002,1,,,
RCHMAST1,623-010-348,1,,,
RCHMAST1,1334317/062,1,,,
RCHMAST1,1231191,2,,,
RCHMAST1,1334317/029,1,,,
RCHMAST1,1334317/060,2,,,
RCHMAST1,828-013-158/307,1,,,
RCHMAST1,1334317/003,1,,,
RCHMAST1,828-013-158/308,1,,,
RCHMAST1,828-006-401,2,,,
RCHMAST1,828-000-234/007,1,,,
RCHMAST1,623-010-353/007,2,,,
RCHMAST1,1091973/001,3,,,
RCHMAST1,1352008/098,1,,,
RCHMAST1,1334317/005,1,,,
RCHMAST1,1334317/028,1,,,
RCHMAST1,623-010-358/207,1,,,
RCHMAST1,1352802/098,1,,,
RCHMAST1,1352802/091,1,,,
RCHMAST1,1334317/025,1,,,
RCHMAST1,1334317/033,1,,,
RCHMAST1,1334317/055,2,,,
RCHMAST1,1352802/083,1,,,
RCHMAST1,1352008/071,1,,,
RCHMAST1,1334317/030,1,,,
RCHMAST1,1184753/002,1,,,
RCHMAST1,1091865/002,1,,,
RCHMAST1,623-010-352/008,2,,,
RCHMAST1,1049980,1,,,
RCHMAST1,1049976,1,,,
RCHMAST1,1049981,2,,,
RCHMAST1,623-010-351/007,1,,,
RCHMAST1,1049977,1,,,
RCHMAST1,1334317/019,1,,,
RCHMAST1,1334317/016,1,,,
RCHMAST1,1334317/053,1,,,
RCHMAST1,1352008/076,1,,,
RCHMAST1,1184755/001,1,,,
RCHMAST1,1334317/001,1,,,
RCHMAST1,1352008/073,1,,,
RCHMAST1,1334317/072,1,,,
RCHMAST1,1352008/081,1,,,
RCHMAST1,1352008/074,1,,,
RCHMAST1,828-013-158/007,1,,,
RCHMAST1,623-010-358/008,2,,,
RCHMAST1,1352802/123,1,,,
RCHMAST1,1352008/063,1,,,
RCHMAST1,1049975,1,,,
RCHMAST1,1049974,1,,,
RCHMAST1,1091865/001,1,,,
RCHMAST1,623-010-353/008,1,,,
RCHMAST1,828-000-234/207,1,,,
RCHMAST1,1334317/017,1,,,
RCHMAST1,1352008/056,1,,,
RCHMAST1,1334317/004,1,,,
RCHMAST1,1334317/067,1,,,
RCHMAST1,1334317/034,1,,,
RCHMAST1,1334317/002,1,,,
RCHMAST1,1352739/063,1,,,
RCHMAST1,1184753/001,1,,,
RCHMAST1,1174460/007,1,,,
RCHMAST1,1176196,1,,,
RCHMAST1,1174389,2,,,
RCHMAST1,1174388,2,,,
RCHMAST1,623-010-352/308,1,,,
RCHMAST1,1184754/001,1,,,
RCHMAST1,1014758/001,2,,,
RCHMAST1,1352802/128,2,,,
RCHMAST1,1352802/137,1,,,
RCHMAST1,1352802/144,1,,,
RCHMAST1,1334317/037,1,,,
RCHMAST1,1352802/080,1,,,
RCHMAST1,623-010-352/307,1,,,
RCHMAST1,623-010-351/008,1,,,
RCHMAST1,1352802/141,1,,,
RCHMAST1,623-010-358/208,1,,,
RCHMAST1,1334317/008,1,,,
RCHMAST1,1352008/068,1,,,
RCHMAST1,1334317/050,1,,,
RCHMAST1,1334317/020,1,,,
RCHMAST1,1334317/051,1,,,
RCHMAST1,623-010-351/308,1,,,
RCHMAST1,1334317/026,1,,,
RCHMAST1,1334317/052,1,,,
RCHMAST1,1187948/001,1,,,
RCHMAST1,1352802/116,1,,,
RCHMAST1,1144299,1,,,
RCHMAST1,1334317/054,1,,,
RCHMAST1,1334317/031,1,,,
RCHMAST1,1187950/002,1,,,
RCHMAST1,1091960/001,1,,,
RCHMAST1,623-010-352/107,1,,,
RCHMAST1,1334317/018,1,,,
RCHMAST1,1334317/011,1,,,
RCHMAST1,623-010-351/307,1,,,
RCHMAST1,1334317/048,1,,,
RCHMAST1,1334317/012,1,,,
RCHMAST1,1352008/077,1,,,
RCHMAST2,1078446,1,1078446,,
RCHMAST2,1197851,3,,,
RCHMAST2,1175972,1,,,
RCHMAST2,1054928,5,,,
RCHMAST2,1092714,2,,,
RCHMAST2,1090132/002,4,,,
RCHMAST2,1045952,1,,,
RCHMAST2,1090132/001,4,,,
RCHMAST2,1141744/002,4,,,
RCHMAST2,792-402,1,,,
RCHMAST2,1329319,6,,,
RCHMAST2,1077677,2,,,
RCHMAST2,1367298/001,1,,,
RCHMAST2,1001288/127,2,,,
RCHMAST2,1059872,1,,,
RCHMAST2,1001288/125,4,,,
RCHMAST2,1058978,3,,,
RCHMAST2,1167028,2,,,
RCHMAST2,1167680/001,3,,,
RCHMAST2,1052027,1,,,
RCHMAST2,1086064,2,,,
RCHMAST2,1188849,1,,,
RCHMAST2,1045836,1,,,
RCHMAST2,1044133,1,,,
RCHMAST2,1329320,7,,,
RCHMAST2,1166755,3,,,
RCHMAST2,1128298,2,,,
RCHMAST2,1018878,3,,,
RCHMAST2,1031427/001,2,,,
RCHMAST2,1180938,1,,,
RCHMAST2,1176075,4,,,
RCHMAST2,1126980,1,,,
RCHMAST2,1135027/001,1,,,
RCHMAST2,443-027,1,,,
RCHMAST2,1086134,1,,,
RCHMAST2,1199234,3,,,
RCHMAST2,1001288/126,4,,,
RCHMAST2,1053558,6,,,
RCHMAST2,1254995,1,,,
RCHMAST2,1329322,8,,,
RCHMAST2,1166754,2,,,
RCHMAST2,1175986,1,,,
RCHMAST2,1019029,1,,,
RCHMAST2,1019061,1,,,
RCHMAST2,1253262,1,,,
RCHMAST2,1256511/001,1,,,
RCHMAST2,1044747,3,,,
RCHMAST2,449-025,1,,,
RCHMAST2,1050681,1,,,
RCHMAST2,1038921,3,,,
RCHMAST2,1052273,1,,,
RCHMAST2,1052274,2,,,
RCHMAST2,1052686,7,,,
RCHMAST2,1001288/160,1,,,
RCHMAST2,1051029,2,,,
RCHMAST2,1256511/002,1,,,
RCHMAST2,1199232,1,,,
RCHMAST2,1356932,1,,,
RCHMAST2,1122394,2,,,
RCHMAST2,1001288/173,1,,,
RCHMAST2,1292575,2,,,
RCHMAST2,1001288/161,1,,,
RCHMAST2,1199676,1,,,
RCHMAST2,1181343,5,,,
RCHMAST2,1044156,1,,,
RCHMAST2,1357575,1,,,
RCHMAST2,1140981,2,,,
RCHMAST2,5-005-019,1,,,
RCHMAST2,1170009,3,,,
RCHMAST2,1357574,1,,,
RCHMAST2,1031427/005,2,,,
RCHMAST2,861-027-000,1,,,
RCHMAST2,1357573,1,,,
RCHMAST2,1044157,2,,,
RCHMAST2,1043779,1,,,
RCHMAST2,1186014,1,,,
RCHMAST2,828-004-742,1,,,
RCHMAST2,1152891,2,,,
RCHMAST2,1021890/036,1,,,
RCHMAST2,1031427/006,1,,,
RCHMAST2,1021890/025,1,,,
RCHMAST2,449-053,1,,,
RCHMAST2,1053992,1,,,
RCHMAST2,1223155,1,,,
RCHMAST2,1258867/003,1,,,
RCHMAST2,1223120,1,,,
RCHMAST2,1254854,1,,,
RCHMAST2,1253039,1,,,
RCHMAST2,1223158,2,,,
RCHMAST2,1258867/001,1,,,
RCHMAST2,1044161,1,,,
RCHMAST2,1167680/002,1,,,
RCHMAST2,1200660,1,,,
RCHMAST2,1170758/002,1,,,
RCHMAST2,1200070/001,1,,,
RCHMAST2,1420981/001,5,,,
RCHMAST2,1261283/016,1,,,
RCHMAST2,1238489,1,,,
RCHMAST2,828-000-234/008,4,,,
RCHMAST2,1044082/002,1,,,
RCHMAST2,1200070/002,1,,,
RCHMAST2,1181452,1,,,
RCHMAST2,1352008/075,1,,,
RCHMAST2,828-000-234/208,3,,,
RCHMAST2,1181524,1,,,
RCHMAST2,1044082/003,1,,,
RCHMAST2,1122397,1,,,
RCHMAST2,1367298/002,1,,,
RCHMAST2,1334317/043,1,,,
RCHMAST2,1122400,1,,,
RCHMAST2,1045871,1,,,
RCHMAST2,1164151,1,,,
RCHMAST2,1236958/014,1,,,
RCHMAST2,1044160,1,,,
RCHMAST2,1197671,1,,,
RCHMAST2,1050890/003,1,,,
RCHMAST2,1050891/003,1,,,
REACHBTGATE,1214578/002,6,,,
REACHBTGATE,1354324/102,1,,,
REACHBTGATE,1214578/003,6,,,
REACHBTGATE,1274248/005,1,,,
REACHBTGATE,1354324/004,9,,,
REACHBTGATE,1354324/103,1,,,
REACHBTGATE,1214578/103,2,,,
REACHBTGATE,1274339/005,1,,,
REACHBTGATE,1354324/002,10,,,
REACHBTGATE,1214578/004,5,,,
REACHBTGATE,1354324/003,9,,,
REACHBTGATE,1214578/102,2,,,
REACHBTGATE,1354324/001,1,,,
REACHBTGATE,1354324/104,1,,,
REACHBTGATE,1214578/104,2,,,
REACHBTGATE,1214578/001,1,,,
REACHBTGATE,1214578/101,1,,,
REACHBTGATE,1354326/004,1,,,
REACHBTGATE,1354324/101,3,,,
REACHBTGATE,1274248/204,1,,,
REACHBTGATE,1274339/104,1,,,
REACHBTGATE,1354326/003,1,,,
REACHBTGATE,1377649/103,1,,,
REACHBTGATE,1079194/403,1,,,
REACHBTGATE,1354326/102,1,,,
REACHBTGATE,1079194/003,1,,,
REACHBTGATE,1377649/003,1,,,
REACHBTGATE,1079194/004,1,,,
REACHBTGATE,1377649/004,1,,,
REACHBTGATE,1274339/004,1,,,
REACHBTGATE,1274248/004,1,,,
REACHBTGATE,1354326/002,1,,,
REACHCARRIAGESUB,1357672/037,1,,,
REACHCARRIAGESUB,1213931,1,,,
REACHCARRIAGESUB,1070827,1,,,
REACHCARRIAGESUB,1070331/063,1,,,
REACHCARRIAGESUB,1254301/014,1,,,
REACHCARRIAGESUB,1260783/088,2,,,
REACHCARRIAGESUB,1152881,23,,,
REACHCARRIAGESUB,1182147,1,,,
REACHCARRIAGESUB,1020906/003,2,,,
REACHCARRIAGESUB,1423315,2,,,
REACHCARRIAGESUB,1053021,1,,,
REACHCARRIAGESUB,1150998,16,,,
REACHCARRIAGESUB,1259144/001,4,,,
REACHCARRIAGESUB,1152888,20,,,
REACHCARRIAGESUB,1070419,3,,,
REACHCARRIAGESUB,1186666,5,,,
REACHCARRIAGESUB,1070331/074,1,,,
REACHCARRIAGESUB,1111723/003,1,,,
REACHCARRIAGESUB,1049017,3,,,
REACHCARRIAGESUB,1175977,1,,,
REACHCARRIAGESUB,1183960/029,2,,,
REACHCARRIAGESUB,1243121/PAM,2,,,
REACHCARRIAGESUB,1036628,1,,,
REACHCARRIAGESUB,1111723/004,1,,,
REACHCARRIAGESUB,1036627,1,,,
REACHCARRIAGESUB,1405822/003,6,,,
REACHCARRIAGESUB,1152887,8,,,
REACHCARRIAGESUB,1147365/001,3,,,
REACHCARRIAGESUB,1070331/070,1,,,
REACHCARRIAGESUB,1210523/001,8,,,
REACHCARRIAGESUB,1420981/001,5,,,
REACHCARRIAGESUB,1152882,6,,,
REACHCARRIAGESUB,1070331/036,3,,,
REACHCARRIAGESUB,1070331/066,1,,,
REACHCARRIAGESUB,1014583/002,3,,,
REACHCARRIAGESUB,1006240,2,,,
REACHCARRIAGESUB,1081010/088,1,,,
REACHCARRIAGESUB,1183960/009,3,,,
REACHCARRIAGESUB,1183960/032,1,,,
REACHCARRIAGESUB,1254301/107,5,,,
REACHCARRIAGESUB,1176110,3,,,
REACHCARRIAGESUB,1254301/015,2,,,
REACHCARRIAGESUB,1176112,1,,,
REACHCARRIAGESUB,1254301/012,3,,,
REACHCARRIAGESUB,1405832/002,4,,,
REACHCARRIAGESUB,1254301/011,1,,,
REACHCARRIAGESUB,1147365/002,1,,,
REACHCARRIAGESUB,1070331/049,3,,,
REACHCARRIAGESUB,1187603/166,4,,,
REACHCARRIAGESUB,1183960/021,9,,,
REACHCARRIAGESUB,1405790/001,7,,,
REACHCARRIAGESUB,1070331/056,3,,,
REACHCARRIAGESUB,1070331/024,2,,,
REACHCARRIAGESUB,1070331/021,1,,,
REACHCARRIAGESUB,1254301/009,2,,,
REACHCARRIAGESUB,1070331/060,1,,,
REACHCARRIAGESUB,1267666/010,1,,,
REACHCARRIAGESUB,1233363,1,,,
REACHCARRIAGESUB,1254301/108,1,,,
REACHCARRIAGESUB,1294370,1,,,
REACHCARRIAGESUB,1233364,1,,,
REACHCARRIAGESUB,1046170/003,1,,,
REACHCARRIAGESUB,1021890/012,1,,,
REACHCARRIAGESUB,1305321,1,,,
REACHCARRIAGESUB,1070331/045,3,,,
REACHCARRIAGESUB,1183960/003,1,,,
REACHCARRIAGESUB,1183960/056,1,,,
REACHCARRIAGESUB,1061207,2,,,
REACHCARRIAGESUB,1260783/098,4,,,
REACHCARRIAGESUB,1222559/002,1,,,
REACHCARRIAGESUB,1061209,2,,,
REACHCARRIAGESUB,1254301/109,2,,,
REACHCARRIAGESUB,1294735/002,1,,,
REACHCARRIAGESUB,1304426/003,1,,,
REACHCARRIAGESUB,1183960/005,1,,,
REACHCARRIAGESUB,1254301/004,1,,,
REACHCARRIAGESUB,1070331/007,1,,,
REACHCARRIAGESUB,1021890/045,1,,,
REACHCARRIAGESUB,1254301/006,1,,,
REACHCARRIAGESUB,1258548/002,1,,,
REACHCARRIAGESUB,1095892,1,,,
REACHCARRIAGESUB,1260783/071,1,,,
REACHCARRIAGESUB,1254301/104,1,,,
REACHCARRIAGESUB,1070331/033,2,,,
REACHCARRIAGESUB,1070331/055,1,,,
REACHCARRIAGESUB,1070331/062,1,,,
REACHCARRIAGESUB,1254301/106,8,,,
REACHCARRIAGESUB,1213499,1,,,
REACHCARRIAGESUB,1304539/001,1,,,
REACHCARRIAGESUB,1267666/005,1,,,
REACHCARRIAGESUB,1254301/008,1,,,
REACHCARRIAGESUB,1070331/028,2,,,
REACHCARRIAGESUB,1070331/030,1,,,
REACHCARRIAGESUB,1070331/032,3,,,
REACHCARRIAGESUB,1267666/012,1,,,
REACHCARRIAGESUB,1081010/071,1,,,
REACHCARRIAGESUB,1267666/011,1,,,
REACHCARRIAGESUB,1183960/014,1,,,
REACHCARRIAGESUB,1183960/074,1,,,
REACHCARRIAGESUB,1285270,1,,,
REACHCARRIAGESUB,1243121/Z01,1,,,
REACHCARRIAGESUB,1070331/019,1,,,
REACHCARRIAGESUB,1183960/055,1,,,
REACHCARRIAGESUB,1183960/024,1,,,
REACHCARRIAGESUB,1070331/053,1,,,
REACHCARRIAGESUB,1260783/076,2,,,
REACHCARRIAGESUB,1183960/001,1,,,
REACHCARRIAGESUB,1081010/073,2,,,
REACHCARRIAGESUB,1260783/073,1,,,
REACHCARRIAGESUB,1081010/074,1,,,
REACHCARRIAGESUB,1260783/074,2,,,
REACHCARRIAGESUB,1081010/081,1,,,
REACHCARRIAGESUB,1183960/072,1,,,
REACHCARRIAGESUB,1304536/001,1,,,
REACHCARRIAGESUB,1254301/010,2,,,
REACHCARRIAGESUB,1254301/002,1,,,
REACHCARRIAGESUB,1254301/114,1,,,
REACHCARRIAGESUB,1254301/013,3,,,
REACHCARRIAGESUB,1254301/005,1,,,
REACHCARRIAGESUB,1021890/044,1,,,
REACHCARRIAGESUB,1223800,2,,,
REACHCARRIAGESUB,1267666/015,2,,,
REACHCARRIAGESUB,1081010/063,1,,,
REACHCARRIAGESUB,1095821/004,1,,,
REACHCARRIAGESUB,1267666/006,1,,,
REACHCARRIAGESUB,1267666/008,1,,,
REACHCARRIAGESUB,1111723/005,2,,,
REACHCARRIAGESUB,1183960/062,1,,,
REACHCARRIAGESUB,1260783/056,1,,,
REACHCARRIAGESUB,1081010/056,1,,,
REACHCARRIAGESUB,1254301/001,1,,,
REACHCARRIAGESUB,1267666/004,1,,,
REACHCARRIAGESUB,1267666/007,2,,,
REACHCARRIAGESUB,1267666/002,1,,,
REACHCARRIAGESUB,1070331/034,1,,,
REACHCARRIAGESUB,1021890/042,1,,,
REACHCARRIAGESUB,1162267,1,,,
REACHCARRIAGESUB,1254301/102,1,,,
REACHCARRIAGESUB,1242958/001,1,,,
REACHCARRIAGESUB,1021890/041,1,,,
REACHCARRIAGESUB,1021890/040,1,,,
REACHCARRIAGESUB,1233981,1,,,
REACHCARRIAGESUB,1222559/001,1,,,
REACHCARRIAGESUB,1070331/005,1,,,
REACHCARRIAGESUB,1267666/003,1,,,
REACHCARRIAGESUB,1267666/009,2,,,
REACHCARRIAGESUB,1267666/014,1,,,
REACHCARRIAGESUB,1254301/007,1,,,
REACHCARRIAGESUB,1254301/115,1,,,
REACHCARRIAGESUB,1304426/004,1,,,
REACHCARRIAGESUB,1014591/002,1,,,
REACHCARRIAGESUB,1258548/001,1,,,
REACHCARRIAGESUB,1254301/117,1,,,
REACHCARRIAGESUB,1254301/119,1,,,
REACHCARRIAGESUB,1254301/105,1,,,
REACHCARRIAGESUB,1254301/118,1,,,
REACHCARRIAGESUB,1022003/004,1,,,
REACHCARRIAGESUB,1111723/006,3,,,
REACHCARRIAGESUB,1254301/003,1,,,
REACHCARRIAGESUB,1081010/098,1,,,
REACHCARRIAGESUB,1081010/068,1,,,
REACHCARRIAGESUB,1183960/045,1,,,
REACHCARRIAGESUB,1260783/068,1,,,
REACHCARRIAGESUB,1267666/013,1,,,
REACHCARRIAGESUB,1260783/075,1,,,
REACHCARRIAGESUB,1183960/036,1,,,
REACHCARRIAGESUB,1267666/001,1,,,
REACHCARRIAGESUB,1070331/052,1,,,
REACHCARRIAGESUB,1023531,1,,,
REACHCARRIAGESUB,1243121/V01,1,,,
REACHCARRIAGESUB,1254301/113,1,,,
REACHCARRIAGESUB,600-316,1,,,
REACHCARRIAGESUB,1070331/054,1,,,
REACHCARRIAGESUB,1183960/049,1,,,
REACHCARRIAGESUB,1183960/070,1,,,
REACHCARRIAGESUB,1072789,1,,,
REACHCARRIAGESUB,1215244/066,1,,,
REACHCARRIAGESUB,1215244/032,1,,,
REACHCARRIAGESUB,1183960/060,1,,,
REACHCARRIAGESUB,1236958/002,1,,,
REACHCARRIAGESUB,1215244/060,1,,,
REACHCARRIAGESUB,1081010/Z81,1,,,
REACHCARRIAGESUB,1070331/042,1,,,
REACHCARRIAGESUB,1183960/012,1,,,
REACHCARRIAGESUB,1405790/002,1,,,
REACHCARRIAGESUB,1260783/077,1,,,
REACHFINAL,1369158,1,,,
REACHFINAL,1267784/001,2,,,
REACHFINAL,1181605/001,3,,,
REACHFINAL,1144611,1,,,
REACHFINAL,1099295/001,2,,,
REACHFINAL,1145567/001,2,,,
REACHFINAL,1108252,2,,,
REACHFINAL,1059051,3,,,
REACHFINAL,1353241,1,,,
REACHFINAL,1323887,1,,,
REACHFINAL,1160449/003,2,,,
REACHFINAL,1317620/004,4,,,
REACHFINAL,1337074/001,1,,,
REACHFINAL,1254987/002,1,,,
REACHFINAL,1145567/003,1,,,
REACHFINAL,1337074/005,2,,,
REACHFINAL,1379648/006,5,,,
REACHFINAL,1336375/001,4,,,
REACHFINAL,1337074/002,2,,,
REACHFINAL,1352983/004,2,,,
REACHFINAL,1337074/006,2,,,
REACHFINAL,1321840/111,3,,,
REACHFINAL,1373109,1,,,
REACHFINAL,1077677,2,,,
REACHFINAL,1336375/ZA1,1,,,
REACHFINAL,1323670/002,3,,,
REACHFINAL,1336375/002,4,,,
REACHFINAL,1336375/ZA2,1,,,
REACHFINAL,1153395,1,,,
REACHFINAL,1306050/002,1,,,
REACHFINAL,1323886,1,,,
REACHFINAL,1264353/004,2,,,
REACHFINAL,1099295/002,1,,,
REACHFINAL,1269428/RPD,1,,,
REACHFINAL,1337074/003,1,,,
REACHFINAL,1146649,1,,,
REACHFINAL,1269428/016,1,,,
REACHFINAL,1031427/001,2,,,
REACHFINAL,1044535/011,1,,,
REACHFINAL,1269428/RPC,1,,,
REACHFINAL,1380617/001,1,,,
REACHFINAL,1044535/054,1,,,
REACHFINAL,1337074/004,2,,,
REACHFINAL,1044535/050,1,,,
REACHFINAL,1224393/001,1,,,
REACHFINAL,1269428/006,1,,,
REACHFINAL,1044535/046,1,,,
REACHFINAL,1352983/007,1,,,
REACHFINAL,1417896,2,,,
REACHFINAL,1090678,1,,,
REACHFINAL,1181605/009,1,,,
REACHFINAL,1245732/001,1,,,
REACHFINAL,1260342,1,,,
REACHFINAL,1293231,1,,,
REACHFINAL,1200189,1,,,
REACHFINAL,1141744/002,4,,,
REACHFINAL,1099296/001,1,,,
REACHFINAL,1099297/002,1,,,
REACHFINAL,1190873,1,,,
REACHFINAL,1181605/002,1,,,
REACHFINAL,1044535/036,1,,,
REACHFINAL,1330801/001,2,,,
REACHFINAL,1330801/002,1,,,
REACHFINAL,1044535/040,1,,,
REACHFINAL,1181605/005,1,,,
REACHFINAL,1044535/033,1,,,
REACHFINAL,1044535/035,1,,,
REACHFINAL,1044535/025,1,,,
REACHFINAL,1044535/001,1,,,
REACHFINAL,1044535/052,1,,,
REACHFINAL,1181605/007,1,,,
REACHFINAL,1160449/005,1,,,
REACHFINAL,1044535/016,1,,,
REACHFINAL,1044535/013,1,,,
REACHFINAL,1044535/012,1,,,
REACHFINAL,1380617/002,1,,,
REACHFINAL,1044535/008,1,,,
REACHFINAL,1337074/008,1,,,
REACHFINAL,1044535/042,1,,,
REACHFINAL,1380617/003,1,,,
REACHFINAL,1044535/009,1,,,
REACHFINAL,1044535/004,1,,,
REACHFINAL,1020050,1,,,
REACHFINAL,1044535/047,1,,,
REACHFINAL,1349526/001,1,,,
REACHFINAL,1181605/004,1,,,
REACHFINAL,1078925/004,1,,,
REACHFINAL,1099297/001,2,,,
REACHFINAL,1044535/022,1,,,
REACHFINAL,1264356/005,1,,,
REACHFINAL,1196274,1,,,
REACHFINAL,1337074/009,1,,,
REACHFINAL,1044535/010,1,,,
REACHFINAL,1181605/006,3,,,
REACHFINAL,1044535/029,1,,,
REACHFINAL,1044535/030,1,,,
REACHFINAL,1099296/002,1,,,
REACHFINAL,1044535/032,1,,,
REACHFINAL,1044535/006,1,,,
REACHFINAL,1337074/007,1,,,
REACHFINAL,828-013-147/436,1,,,
REACHFINAL,1044535/023,1,,,
REACHFINAL,1267785/001,1,,,
REACHFINAL,1044535/043,1,,,
REACHFINAL,1044535/019,1,,,
REACHFINAL,1044535/031,1,,,
REACHFINAL,1044535/034,1,,,
REACHFINAL,1269428/R03,1,,,
REACHFINAL,1044535/045,1,,,
REACHFINAL,1044535/051,1,,,
REACHTOP10,1045780/301,5,,,
REACHTOP10,1236842,11,,,
REACHTOP10,1380275/002,4,,,
REACHTOP10,1222215,4,,,
REACHTOP10,1223311/001,9,,,
REACHTOP10,1045780/311,4,,,
REACHTOP10,1236843/002,3,,,
REACHTOP10,1047822/002,3,,,
REACHTOP10,1223311/303,6,,,
REACHTOP10,1017589,3,,,
REACHTOP10,1236843/301,1,,,
REACHTOP10,1223311/301,4,,,
REACHTOP10,1223311/003,5,,,
REACHTOP10,1222121,4,,,
REACHTOP10,1362461,3,,,
REACHTOP10,1236843/001,1,,,
REACHTOP10,1223311/103,3,,,
REACHTOP10,1380356/001,1,,,
REACHTOP10,1421179,2,,,
REACHTOP10,1223311/101,3,,,
REACHTOP10,1380356/002,2,,,
REACHTOP10,1236844,1,,,
REACHTOP10,1380275/001,3,,,
REACHTOP10,1236845,1,,,
REACHTOP10,1434837,1,,,
REACHTOP10,1433726,1,,,
REACHTOP2,1-100-013,1,,,
REACHTOP2,1132586/115,5,,,
REACHTOP2,1233519/002,4,,,
REACHTOP2,1132586/004,1,,,
REACHTOP2,1132586/009,3,,,
REACHTOP2,1132586/008,2,,,
REACHTOP2,1397053/003,8,,,
REACHTOP2,1154382,6,,,
REACHTOP2,1395256/001,4,,,
REACHTOP2,1367276,3,,,
REACHTOP2,1132586/119,1,,,
REACHTOP2,1263438/002,4,,,
REACHTOP2,1401229,1,,,
REACHTOP2,1192705,5,,,
REACHTOP2,1132586/117,3,,,
REACHTOP2,1132586/116,5,,,
REACHTOP2,1355417/001,1,,,
REACHTOP2,1187584/002,11,,,
REACHTOP2,1132586/136,2,,,
REACHTOP2,1191549,1,,,
REACHTOP2,1018221,1,,,
REACHTOP2,1257821,8,,,
REACHTOP2,1401230,5,,,
REACHTOP2,1132586/010,3,,,
REACHTOP2,1395269/001,4,,,
REACHTOP2,1123407,3,,,
REACHTOP2,1132586/085,1,,,
REACHTOP2,1132586/054,1,,,
REACHTOP2,1132586/003,1,,,
REACHTOP2,1132586/118,3,,,
REACHTOP2,1223991,2,,,
REACHTOP2,1132586/135,2,,,
REACHTOP2,1132586/046,1,,,
REACHTOP2,1132586/138,1,,,
REACHTOP2,1132586/137,1,,,
REACHTOP2,1132586/139,1,,,
REACHTOP2,1360705/001,1,,,
REACHTOP2,1132586/052,1,,,
REACHTOP2,1077913/013,1,,,
REACHTOP2,1132586/007,1,,,
REACHTOP2,1132586/095,1,,,
REACHTOP2,1132586/005,1,,,
REACHTOP2,1132586/045,1,,,
REACHTOP2,1233519/001,1,,,
REACHTOP2,1132586/053,1,,,
REACHTOP2,1110001,1,,,
REACHTOP2,1132586/006,2,,,
REACHTOP2,1255415,1,,,
REACHTOP2,1209012/001,1,,,
REACHTOP2,1427753,2,,,
REACHTOP2,1395256/101,5,,,
REACHTOP2,1239519/010,1,,,
REACHTOP2,1355417/003,1,,,
REACHTOP2,1187584/102,3,,,
REACHTOP2,1132586/047,1,,,
REACHTOP2,1132586/088,1,,,
REACHTOP2,1132586/091,1,,,
REACHTOP2,1132586/090,1,,,
REACHTOP2,1132586/087,1,,,
REACHTOP2,1132586/145,1,,,
REACHTOP2,1132586/146,1,,,
REACHTOP2,1395269/101,2,,,
REACHTOP2,1360705/002,1,,,
REACHTOP2,1-100-010,1,,,
REACHTOP2,1239519/007,2,,,
REACHTOP2,1077913/010,1,,,
REACHTOP2,1132586/014,1,,,
REACHTOP2,1132586/013,1,,,
REACHTOP2,590-628/002,1,,,
REACHTOP2,1132586/123,1,,,
REACHTOP2,1397053/103,2,,,
REACHTOP2,1410057/001,6,,,
REACHTOP3,1132586/082,1,,,
REACHTOP3,1290672/001,1,,,
REACHTOP3,1258567/001,4,,,
REACHTOP3,1305129/001,1,,,
REACHTOP3,1132586/081,1,,,
REACHTOP3,1132586/145,1,,,
REACHTOP3,1132586/140,3,,,
REACHTOP3,1132586/141,3,,,
REACHTOP3,1132586/061,1,,,
REACHTOP3,1231876/001,3,,,
REACHTOP3,1305127/001,3,,,
REACHTOP3,1189916/001,1,,,
REACHTOP3,1101137/002,2,,,
REACHTOP3,1231880/001,1,,,
REACHTOP3,1258565/001,2,,,
REACHTOP3,1382002,1,,,
REACHTOP3,1053362/002,4,,,
REACHTOP3,1231888/001,1,,,
REACHTOP3,1053362/003,1,,,
REACHTOP3,1090078,1,,,
REACHTOP3,1189917/001,2,,,
REACHTOP3,1132586/063,1,,,
REACHTOP3,1132586/125,1,,,
REACHTOP3,1019530/006,1,,,
REACHTOP3,1101137/003,1,,,
REACHTOP7,1402458/001,8,,,
REACHTOP7,1221003/301,7,,,
REACHTOP7,1281560/002,3,,,
REACHTOP7,1281117/003,2,,,
REACHTOP7,1153042,3,,,
REACHTOP7,1281439/003,2,,,
REACHTOP7,1221003/302,2,,,
REACHTOP7,1139563/003,3,,,
REACHTOP7,1146318,2,,,
REACHTOP7,1128128/001,2,,,
REACHTOP7,1221003/404,5,,,
REACHTOP7,1139563/001,2,,,
REACHTOP7,1281541/002,4,,,
REACHTOP7,1188473,3,,,
REACHTOP7,1281438/001,4,,,
REACHTOP7,1307307/001,2,,,
REACHTOP7,1134572,3,,,
REACHTOP7,1250525,1,,,
REACHTOP7,828-004-280/046,3,,,
REACHTOP7,1155436,3,,,
REACHTOP7,1307296/001,3,,,
REACHTOP7,1402455/001,6,,,
REACHTOP7,1001288/177,1,,,
REACHTOP7,1139027,2,,,
REACHTOP7,1281117/001,4,,,
REACHTOP7,1307310/001,5,,,
REACHTOP7,1229082/003,15,,,
REACHTOP7,1151956,3,,,
REACHTOP7,792-432,1,,,
REACHTOP7,828-004-280/042,2,,,
REACHTOP7,828-004-280/008,3,,,
REACHTOP7,1001288/175,2,,,
REACHTOP7,1128128/004,2,,,
REACHTOP7,1281644/001,2,,,
REACHTOP7,1139563/002,3,,,
REACHTOP7,1221003/205,4,,,
REACHTOP7,1281117/002,6,,,
REACHTOP7,800-810/013,1,,,
REACHTOP7,1171324/006,5,,,
REACHTOP7,1139563/004,1,,,
REACHTOP7,1252650/001,2,,,
REACHTOP7,1221003/403,4,,,
REACHTOP7,1134571,4,,,
REACHTOP7,1307313/001,2,,,
REACHTOP7,1014591/003,1,,,
REACHTOP7,1231896,1,,,
REACHTOP7,1281439/002,3,,,
REACHTOP7,1252481/001,1,,,
REACHTOP7,1021890/032,1,,,
REACHTOP7,1307312/001,4,,,
REACHTOP7,1322669/001,1,,,
REACHTOP7,1281439/001,3,,,
REACHTOP7,1229082/004,5,,,
REACHTOP7,1406202/004,28,,,
REACHTOP7,1406335,5,,,
REACHTOP7,1406151/001,6,,,
REACHTOP7,1134866,2,,,
REACHTOP7,1406202/001,6,,,
REACHTOP7,1284309/101,1,,,
REACHTOP7,1258549/001,1,,,
REACHTOP7,1254326,1,,,
REACHTOP7,1276659/001,1,,,
REACHTOP7,1255544,1,,,
REACHTOP7,1254329,1,,,
REACHTOP7,1001288/065,1,,,
REACHTOP7,1295410/002,1,,,
REACHTOP7,1277253/301,1,,,
REACHTOP7,1298665/001,2,,,
REACHTOP7,1317985,1,,,
REACHTOP7,1406151/002,3,,,
REACHTOP7,1281541/001,2,,,
REACHTOP7,1221003/206,4,,,
REACHTOP7,1001288/174,1,,,
REACHTOP7,1001288/176,1,,,
REACHTOP7,1252650/002,1,,,
REACHTOP7,1281560/001,1,,,
REACHTOP7,1307309/001,2,,,
REACHTOP7,1281439/004,2,,,
REACHTOP7,1281117/004,2,,,
REACHTOP7,1310018/001,6,,,
REACHTOP7,1221003/406,3,,,
REACHTOP7,1001288/187,1,,,
REACHTOP7,1277253/001,4,,,
REACHTOP7,1254327,1,,,
REACHTOP7,1284309/001,1,,,
REACHTOP7,1001288/186,1,,,
REACHTOP7,1193500,1,,,
REACHTOP7,828-004-280/050,1,,,
REACHTOP7,1402461/001,5,,,
REACHTOP7,1281559/001,1,,,
REACHTOP7,1281117/006,1,,,
REACHTOP7,1134695,1,,,
REACHTOP7,1001288/180,1,,,
REACHTOP7,1281117/007,2,,,
REACHTOP7,1001288/181,1,,,
REACHTOP7,1303521/001,1,,,
REACHTOP7,1284309/002,1,,,
REACHTOP7,1277253/101,2,,,
REACHTOP7,1221003/208,1,,,
REACHTOP7,1406419/001,1,,,
REACHTOP7,1406243/101,1,,,
REACHTOP8,1410057/001,6,,,
REACHTOP8,1381826/001,3,,,
REACHTOP8,1266309/004,3,,,
REACHTOP8,1231423,1,,,
REACHTOP8,1148465,3,,,
REACHTOP8,1012601,5,,,
REACHTOP8,1019669/001,2,,,
REACHTOP8,1187592,1,,,
REACHTOP8,1266309/003,3,,,
REACHTOP8,1191371/001,2,,,
REACHTOP8,1321963/001,2,,,
REACHTOP8,1080014/005,2,,,
REACHTOP8,1080014/008,3,,,
REACHTOP8,1215926/006,1,,,
REACHTOP8,1017560/001,2,,,
REACHTOP8,1094049,1,,,
REACHTOP8,1010352/001,6,,,
REACHTOP8,1191604,2,,,
REACHTOP8,1080014/108,3,,,
REACHTOP8,1266093/001,1,,,
REACHTOP8,1221520/001,1,,,
REACHTOP8,1216993/001,1,,,
REACHTOP8,1381815/001,3,,,
REACHTOP8,1031429/003,1,,,
REACHTOP8,1187584/002,11,,,
REACHTOP8,1018221,1,,,
REACHTOP8,1139701/002,2,,,
REACHTOP8,1150060/002,1,,,
REACHTOP8,1080014/006,3,,,
REACHTOP8,1094048,1,,,
REACHTOP8,1247789/001,3,,,
REACHTOP8,1381826/002,2,,,
REACHTOP8,1191185/001,1,,,
REACHTOP8,1221456/005,3,,,
REACHTOP8,1168342/001,5,,,
REACHTOP8,1360623/001,1,,,
REACHTOP8,1400703,10,,,
REACHTOP8,1080014/107,1,,,
REACHTOP8,1305560,2,,,
REACHTOP8,1387031/001,3,,,
REACHTOP8,1150060/001,1,,,
REACHTOP8,1301092,5,,,
REACHTOP8,1266309/SA2,1,,,
REACHTOP8,1215926/004,1,,,
REACHTOP8,1080015/002,2,,,
REACHTOP8,1216993/003,1,,,
REACHTOP8,1089530,2,,,
REACHTOP8,1266309/SA1,1,,,
REACHTOP8,1364576/002,1,,,
REACHTOP8,1254606,1,,,
REACHTOP8,1094852/011,1,,,
REACHTOP8,1216914,1,,,
REACHTOP8,1131712,1,,,
REACHTOP8,1193215,2,,,
REACHTOP8,1385237/002,1,,,
REACHTOP8,1094050,1,,,
REACHTOP8,1367276,3,,,
REACHTOP8,1090075,1,,,
REACHTOP8,850-137-898,1,,,
REACHTOP8,1094045,1,,,
REACHTOP8,1080014/007,3,,,
REACHTOP8,1080014/106,2,,,
REACHTOP8,1187584/102,3,,,
REACHTOP8,1215926/002,1,,,
REACHTOP8,828-006-727/016,1,,,
REACHTOP8,1325740/001,1,,,
REACHTOP8,1329991/018,1,,,
REACHTOP8,1327750/003,2,,,
REACHTOP8,1328114,2,,,
REACHTOP8,1391275/001,1,,,
REACHTOP8,1019669/ZA1,1,,,
REACHTOP8,1329991/010,1,,,
REACHTOP8,1329991/016,1,,,
REACHTOP8,1329991/017,1,,,
REACHTOP8,1381815/002,1,,,
REACHTOP8,1080014/406,1,,,
REACHTOP8,1215926/007,1,,,
REACHTOP8,1215926/001,1,,,
REACHTOP8,1-100-010,1,,,
REACHTOP8,1080014/407,1,,,
REACHTOP8,1215926/005,2,,,
REACHTOP8,1413989/004,1,,,
REACHTOP8,1094852/009,1,,,
REACHTOP8,1321013/001,2,,,
REACHTOP8,1263581/001,1,,,
REACHTOP8,1334320,1,,,
REACHTOP8,1307618/001,1,,,
REACHTOP8,1423603,1,,,
REACHTOP8,1080014/408,1,,,
REACHTOP8,1080014/405,1,,,
REACHTOP8,1215926/008,1,,,
REACHTOP8,1256251/002,1,,,
REACHTOP8,1080014/309,1,,,
REACHTOP8,1022279,1,,,
REACHTOP8,1215926/009,1,,,
REACHTOP8,1385237/001,1,,,
REACHTOP8,1301836/006,1,,,
REACHTOP8,1080014/308,1,,,
REACHTOP8,1080014/209,2,,,
REACHTOP8,1413989/001,1,,,
REACHTOP8,1089529/002,1,,,
REACHTOP8,1362461,3,,,
REACHTOP8,1080014/507,1,,,
REACHTOP8,1139026/PR9,1,,,
REACHTOP8,1139026/N04,1,,,
REACHTOP8,1358283/001,1,,,
REACHTOP8,1412447/PHX,1,,,
REACHTOP8,1301836/103,1,,,
REACHTOP8,1-100-013,1,,,
REACHTOP9,1251984/001,1,,,
REACHTOP9,1390884/001,6,,,
REACHTOP9,1132586/134,3,,,
REACHTOP9,1132586/132,1,,,
REACHTOP9,792-523,1,,,
REACHTOP9,792-432,1,,,
REACHTOP9,1188136,4,,,
REACHTOP9,1121112/003,2,,,
REACHTOP9,1132586/144,4,,,
REACHTOP9,1132586/143,5,,,
REACHTOP9,1121112/002,2,,,
REACHTOP9,1354183,3,,,
REACHTOP9,1019259,4,,,
REACHTOP9,1270412,4,,,
REACHTOP9,1188635/001,1,,,
REACHTOP9,1132586/133,3,,,
REACHTOP9,1270749/001,6,,,
REACHTOP9,1132586/142,5,,,
REACHTOP9,1134144,2,,,
REACHTOP9,1209998,1,,,
REACHTOP9,1188135,6,,,
REACHTOP9,802-025/013,1,,,
REACHTOP9,1134496/001,4,,,
REACHTOP9,1134496/003,6,,,
REACHTOP9,1134496/004,2,,,
REACHTOP9,1257339/001,4,,,
REACHTOP9,1134496/002,4,,,
REACHTOP9,1259380,1,,,
REACHTOP9,1431766,1,,,
REACHTOP9,1297323/001,1,,,
